ListingID,S,SubType,St#,StName,City,MLSArea,SLC,L/C Price,Price Per Square Foot,Br/Ba,Sqft,YrBuilt,AcLSqft,DOM/CDOM,ViewYN,PoolPrivateYN,BAC,Contract Status Change Date,MLS
SP1068777,A,CONDO/A,171,Brisco RD   #7,ARRG,ARRG,,"$199,900 ",$347.05 ,"1/1,0,0,0",576/A,1977,0.013/575,145/460,Y,,2.5,7/6/16,CCR
PI1070961,A,/A,278,Spruce   ,ARRG,ARRG,,"$325,000 ",$281.39 ,"2/1,1,0,0",1155/A,1982,"0.0265/1,154",43/43,N,,2.5,9/7/16,CCR
PI1066461,A,CONDO/D,1165,Maple    #H,ARRG,ARRG,,"$329,000 ",$301.83 ,"2/2,0,0,0",1090/A,1980,"0.025/1,089",206/206,Y,,2.5,5/3/16,CCR
PI1063778,A,CONDO/D,579,Camino Mercado    #325,ARRG,ARRG,,"$339,500 ",$353.65 ,"2/2,0,0,0",960/A,2007,"0.0241/1,050",279/279,Y,,2.5,2/17/16,CCR
PI1069605,A,SFR/D,4410,Upper Lopez Canyon   ,ARRG,ARRG,,"$345,000 ",$479.17 ,"1/1,0,0,0",720/S,1985,"40.5152/1,764,842",119/119,Y,,3.5,8/1/16,CCR
PI1070371,A,CONDO/A,579,Camino Mercado    #225,ARRG,ARRG,,"$348,900 ",$331.34 ,"2/2,0,0,0",1053/A,2007,"0.0241/1,050",101/101,N,,1.75,8/19/16,CCR
PI1066351,A,CONDO/A,1146,Ash ST   #G,ARRG,ARRG,,"$351,000 ",$288.41 ,"3/1,1,1,0",1217/A,1983,"0.0279/1,215",211/211,N,,2.5,5/1/16,CCR
PI1072681,A,/A,1157,Clevenger   ,ARRG,ARRG,,"$369,000 ",$312.71 ,"2/1,0,1,0",1180/A,0,"0.0344/1,498",24/24,Y,,2.5,11/4/16,CCR
PI1073030,A,CONDO/D,1093,Grieb DR  ,ARRG,ARRG,,"$369,500 ",$281.63 ,"2/1,1,1,0",1312/A,1979,"0.0344/1,498",10-Oct,Y,,2.5,11/18/16,CCR
PI1071501,A,SFR/A,360,Tiger Tail DR  ,ARRG,ARRG,,"$369,900 ",$339.98 ,"2/2,0,0,0",1088/A,1976,"0.1164/5,070",66/66,Y,,2.5,9/23/16,CCR
PI1072897,A,SFR/A,541,Bakeman LN  ,ARRG,ARRG,,"$369,900 ",$366.96 ,"2/1,0,0,0",1008/A,1983,"0.0735/3,202",16/61,Y,,2.5,11/12/16,CCR
PI1070362,A,SFR/A,345,Tiger Tail DR  ,ARRG,ARRG,,"$373,900 ",$284.98 ,"2/1,1,0,0",1312/A,1976,"0.0918/3,999",101/101,Y,,2.5,8/19/16,CCR
SJ1069663,A,SFR/A,1164,Pacific Pointe WY  ,ARRG,ARRG,,"$449,000 ",$338.61 ,"3/2,0,0,0",1326/A,1989,"0.0918/3,999",91/91,Y,,2.25,9/8/16,CCR
PI1071664,A,MANL/D,355,Cougar Canyon WY  ,ARRG,ARRG,,"$449,900 ",$360.50 ,"2/2,0,0,0",1248/A,1995,"12.67/551,905",61/61,Y,,2.5,9/28/16,CCR
PI1071803,A,/D,210,Cranberry   ,ARRG,ARRG,,"$449,900 ",$358.77 ,"2/2,0,0,0",1254/A,2002,"0.0689/3,001",68/68,Y,,2.5,9/21/16,CCR
PI1072083,A,/A,439 S,Oak Park BL  ,ARRG,ARRG,,"$469,000 ",$344.85 ,"3/2,0,1,0",1360/A,2003,"0.0689/3,001",45/45,Y,,3,10/14/16,CCR
PI1072795,A,SFR/D,1484,Ash   ,ARRG,ARRG,,"$469,000 ",$342.34 ,"3/2,0,0,0",1370/A,2005,"0.1314/5,724",19/19,Y,,2.5,11/9/16,CCR
PI1071485,A,/A,1472,Ash ST  ,ARRG,ARRG,,"$482,900 ",$354.03 ,"3/2,0,0,0",1364/A,2005,"0.0898/3,912",66/66,Y,,2.5,9/23/16,CCR
PI1072503,A,SFR/D,555,Halcyon   ,ARRG,ARRG,,"$489,900 ",$327.04 ,"3/2,0,0,0",1498/A,1976,"0.15/6,534",31/361,N,,2.5,10/28/16,CCR
IV16145248,A,SFR/D,827,Willow LN  ,ARRG,ARRG,"FOR,NOD","$498,000 ",$312.03 ,"4/2,0,0,0",1596/A,1962/EST,"0.166/7,242",146/146,N,N,2.5,7/5/16,CRMLSM
PI1072617,A,SFR/D,418,California   ,ARRG,ARRG,,"$509,000 ",$447.28 ,"3/1,0,0,0",1138/A,1947,"0.1997/8,699",32/32,Y,,2.5,10/27/16,CCR
PI1073104,A,SFR/A,120,Oak   ,ARRG,ARRG,,"$519,000 ",$393.18 ,"3/2,0,0,0",1320/A,0,"0.1377/5,998",6-Jun,N,,1.5,11/22/16,CCR
PI1071033,A,/A,433 S,Oak Park BL  ,ARRG,ARRG,,"$529,000 ",$388.97 ,"3/1,1,1,0",1360/A,2002,"0.069/3,001",80/80,Y,,2,9/9/16,CCR
PI1072881,A,SFR/D,563,Le Point ST  ,ARRG,ARRG,,"$529,000 ",$638.89 ,"2/1,1,0,0",828/S,1900,"0.132/5,750",17/17,Y,,2.5,11/11/16,CCR
PI1072698,A,SFR/D,778,Dodson   ,ARRG,ARRG,,"$539,000 ",$308.00 ,"4/1,0,1,0",1750/S,1962,"0.1459/6,355",24/24,Y,,2.5,11/4/16,CCR
PI1070761,A,/D,215,Oakwood CT  ,ARRG,ARRG,,"$549,000 ",$360.24 ,"3/2,0,0,0",1524/A,1991,"0.08/3,485",88/88,Y,,2.5,9/1/16,CCR
PI1070762,A,SFR/D,215,Oakwood CT  ,ARRG,ARRG,,"$549,000 ",$360.24 ,"3/2,0,0,0",1524/A,1991,"0.08/3,485",88/88,Y,,2.5,9/1/16,CCR
PI1071681,A,SFR/D,173,Alder ST  ,ARRG,ARRG,,"$549,000 ",$337.85 ,"4/2,0,0,0",1625/S,1979,"0.1446/6,299",49/49,N,,2.5,9/29/16,CCR
PI1063725,A,SFR/D,145 W,Branch ST  ,ARRG,ARRG,,"$550,000 ",$627.85 ,"2/1,0,0,0",876/A,1904,"0.1423/6,199",402/402,Y,,2,10/23/15,CCR
PI1071097,A,SFR/D,1406,Chilton ST  ,ARRG,ARRG,,"$570,000 ",$389.34 ,"3/2,0,0,0",1464/A,1985,"0.1786/7,780",70/70,Y,,2.5,9/19/16,CCR
PI1072029,A,SFR/D,516,Starlight   ,ARRG,ARRG,,"$575,000 ",$362.32 ,"3/2,0,0,0",1587/A,1999,"0.1201/5,232",46/46,Y,,2.5,10/13/16,CCR
PI1066535,A,SFR/A,877,Tempus CR  ,ARRG,ARRG,,"$679,000 ",$307.66 ,"3/2,0,0,0",2207/A,1985,"0.0952/4,147",206/206,Y,,2,5/5/16,CCR
PI1070876,A,SFR/D,144,Moore LN  ,ARRG,ARRG,,"$698,000 ",$431.93 ,"3/2,0,0,0",1616/A,0,"1.0508/45,773",80/80,Y,,2.5,9/9/16,CCR
SP1070393,A,SFR/D,850,StageCoach RD  ,ARRG,ARRG,,"$699,000 ",$422.10 ,"3/2,0,0,0",1656/A,2004,"2.5/108,900",98/98,Y,,2.5,8/22/16,CCR
PI1070568,A,SFR/D,101,Equestrian WY  ,ARRG,ARRG,,"$699,900 ",$329.06 ,"3/2,0,0,0",2127/AP,0,"0.4025/17,533",95/95,Y,,2.5,8/25/16,CCR
PI1072416,A,SFR/D,310,Whiteley ST  ,ARRG,ARRG,,"$725,000 ",$435.44 ,"3/1,1,0,0",1665/A,1952,"0.1561/6,800",20/20,Y,,2,10/26/16,CCR
PI1067335,A,SFR/D,331,StageCoach RD  ,ARRG,ARRG,,"$762,000 ",$290.73 ,"3/2,0,1,0",2621/A,1980,"0.2066/8,999",186/186,Y,,2.5,5/26/16,CCR
SP1059897,A,SFR/D,1398,Deer Canyon RD  ,ARRG,ARRG,,"$799,000 ",$238.79 ,"7/3,1,0,0",3346/SEE,1966,"5.18/225,641",423/423,Y,,2.5,10/2/15,CCR
PI1072571,A,SFR/D,4737,Huasna RD  ,ARRG,ARRG,SPAY,"$800,000 ",$446.93 ,"3/1,1,0,0",1790/A,1960,"15.53/676,487",27/27,Y,Y,2.5,11/1/16,CCR
PI1070874,A,SFR/D,650,Camino Del Rey   ,ARRG,ARRG,,"$848,000 ",$338.25 ,"3/3,0,0,0",2507/A,2009,"0.5231/22,786",83/83,Y,,2.5,9/6/16,CCR
PI1072609,A,SFR/D,143,Century LN  ,ARRG,ARRG,,"$849,000 ",$331.64 ,"3/2,0,1,0",2560/A,1998,"1/43,560",25/25,Y,,2.5,11/3/16,CCR
PI1072755,A,SFR/A,6710,Wittenberg Creek   ,ARRG,ARRG,,"$849,000 ",$352.28 ,"4/3,0,0,0",2410/A,2012,"69.84/3,042,230",25/25,Y,,2.5,11/3/16,CCR
SC1073005,A,SFR/D,1351,Newport AV  ,ARRG,ARRG,,"$849,000 ",$276.01 ,"4/3,0,0,0",3076/A,1960,"0.303/13,199",11-Nov,Y,,2,11/17/16,CCR
PI1070980,A,SFR/D,2357,Bittern ST  ,ARRG,ARRG,,"$849,999 ",$294.32 ,"3/3,0,1,0",2888/A,2002,"0.2632/11,465",79/79,Y,,2,9/10/16,CCR
SP1065253,A,SFR/A,505 W,Dos Cerros Corte AV  ,ARRG,ARRG,,"$857,000 ",$363.75 ,"3/2,0,1,0",2356/A,2000,"0.35/15,255",180/180,Y,,2.5,6/1/16,CCR
PI1067727,A,SFR/D,697,Avocet WY  ,ARRG,ARRG,,"$879,000 ",$277.55 ,"4/3,0,0,0",3167/A,2004,"0.2521/10,981",174/174,Y,,2.5,6/7/16,CCR
PI1063014,A,MANL/D,391,Corralitos RD  ,ARRG,ARRG,,"$899,000 ",$624.31 ,"5/2,1,0,0",1440/A,1980,"10.16/442,570",308/308,Y,,2.5,1/25/16,CCR
PI1067604,A,SFR/D,280,Acero   ,ARRG,ARRG,,"$899,000 ",$320.96 ,"4/2,1,1,0",2801/A,2001,"0.5352/23,313",178/178,Y,,2.5*,6/3/16,CCR
PI1070488,A,SFR/D,1212,Flora RD  ,ARRG,ARRG,,"$899,000 ",$483.33 ,"3/2,0,1,0",1860/A,1984,"5.1115/222,657",84/84,Y,,2.5,8/23/16,CCR
PI1072241,A,SFR/D,1160,Royal Oak PL  ,ARRG,ARRG,,"$899,000 ",$362.50 ,"3/1,1,1,0",2480/AP,0,"1.2459/54,271",40/40,Y,,2.5,10/19/16,CCR
PI1066550,A,SFR/D,113,Via Bandolero   ,ARRG,ARRG,,"$925,000 ",$297.05 ,"3/2,1,0,0",3114/A,1989,"0.4545/19,798",199/199,Y,,2.5,5/12/16,CCR
SC1070221,A,SFR/D,657,Matthew WY  ,ARRG,ARRG,,"$935,000 ",$350.84 ,"3/2,0,1,0",2665/A,1999,"0.3207/13,970",102/102,Y,,2.5,8/18/16,CCR
PI1071411,A,SFR/D,382,Village Glen DR  ,ARRG,ARRG,,"$939,900 ",$337.97 ,"5/2,1,0,0",2781/AP,2001,"0.4434/19,315",70/70,Y,,2.5,9/19/16,CCR
PI1071836,A,SFR/D,475,Via Las Aguilas   ,ARRG,ARRG,,"$964,950 ",$415.03 ,"3/2,0,1,0",2325/A,1996,"0.24/10,454",54/54,Y,,2,10/5/16,CCR
PI1069671,A,SFR/D,2155,Idyllwild PL  ,ARRG,ARRG,,"$988,000 ",$356.68 ,"4/3,0,0,0",2770/SEE,2003,"2.9/126,324",121/121,Y,,2.25,7/30/16,CCR
SP1062676,A,SFR/D,250,Mission Springs RD   #12,ARRG,ARRG,,"$1,085,000 ",$361.67 ,"4/3,0,1,0",3000/SEE,0,"1.03/44,867",309/309,Y,,1.5,1/24/16,CCR
PI1066877,A,SFR/D,1655,Chesapeake PL  ,ARRG,ARRG,,"$1,124,000 ",$435.49 ,"3/2,0,0,0",2581/A,1998,"2.48/108,029",194/194,Y,,2.5,5/16/16,CCR
PI1070111,A,SFR/D,2725,Hawk View CT  ,ARRG,ARRG,,"$1,125,000 ",$406.14 ,"4/3,1,0,0",2770/B,1998,"4.59/199,940",108/108,Y,,3,8/11/16,CCR
PI1068036,A,SFR/D,8425,Oyster Rock PL  ,ARRG,ARRG,,"$1,135,000 ",$448.44 ,"3/2,0,0,0",2531/A,1998,"41.27/1,797,721",167/167,Y,,2.5,6/14/16,CCR
PI1072582,A,SFR/D,2685,Belgian PL  ,ARRG,ARRG,,"$1,149,000 ",$346.19 ,"4/3,0,0,0",3319/A,1998,"1.5/65,340",26/26,Y,,2.5,11/2/16,CCR
PI1073089,A,SFR/D,2050,Oak WY  ,ARRG,ARRG,,"$1,149,000 ",$501.53 ,"3/2,0,0,0",2291/A,1987,"7/304,920",6-Jun,Y,,2.5,11/22/16,CCR
SC1071371,A,SFR/D,264,Grace LN  ,ARRG,ARRG,,"$1,195,000 ",$389.76 ,"4/3,0,1,0",3066/A,2012,"0.44/19,166",68/68,Y,,2.5,9/21/16,CCR
SC1068239,A,SFR/D,871,Noyes RD  ,ARRG,ARRG,,"$1,199,000 ",$341.79 ,"4/3,0,0,0",3508/A,1983,"3.12/135,907",105/105,Y,,2.5,6/20/16,CCR
PI1069932,A,SFR/D,357,Via Bandolero   ,ARRG,ARRG,,"$1,199,900 ",$368.75 ,"4/3,0,1,0",3254/SEE,0,"0.5/21,780",114/114,Y,,2.5,8/6/16,CCR
PI1072438,A,SFR/D,685,Via Bandolero   ,ARRG,ARRG,,"$1,225,000 ",$317.11 ,"4/1,3,0,0",3863/A,1991,"0.54/23,522",32/32,Y,,2,10/27/16,CCR
PI1072782,A,SFR/D,828,Noddy CT  ,ARRG,ARRG,,"$1,225,000 ",$320.68 ,"4/3,0,1,0",3820/A,2003,"0.318/13,852",18/18,Y,,2,11/10/16,CCR
PI1073020,A,SFR/D,661,Rosemary CT  ,ARRG,ARRG,,"$1,245,000 ",$377.27 ,"4/2,1,0,0",3300/SEE,0,"0.5989/26,088",10-Oct,Y,,2,11/18/16,CCR
PI1064690,A,SFR/D,2166,Lopez DR  ,ARRG,ARRG,,"$1,250,000 ",$482.25 ,"4/3,0,0,0",2592/A,2004,"17.58/765,785",257/257,Y,,2.5,3/16/16,CCR
SC1070265,A,SFR/D,185,Andre DR  ,ARRG,ARRG,,"$1,250,000 ",$390.75 ,"4/3,0,1,0",3199/S,2001,"0.3557/15,494",103/103,Y,Y,2.5,8/17/16,CCR
PI1070768,A,SFR/D,2298,Brant ST  ,ARRG,ARRG,,"$1,289,000 ",$295.57 ,"3/3,0,1,0",4361/A,2003,0,88/88,Y,,2.5,9/1/16,CCR
PI1069703,A,SFR/A,1381,Carpenter Canyon RD  ,ARRG,ARRG,,"$1,395,000 ",$465.00 ,"3/2,0,1,0",3000/S,1999,"8.88/386,813",121/121,Y,,2.5,7/30/16,CCR
PI1071591,A,SFR/D,450,Canyon WY  ,ARRG,ARRG,,"$1,585,000 ",$334.25 ,"4/4,0,1,1",4742/A,2008,"6.28/273,557",54/54,Y,,2.25,10/5/16,CCR
PI1071670,A,SFR/D,1084,Karina WY  ,ARRG,ARRG,,"$1,599,000 ",$338.34 ,"5/3,0,1,0",4726/A,1996,"2.5/108,900",59/59,Y,,2.5,9/30/16,CCR
PI1049042,A,SFR/D,777,Duntov DR  ,ARRG,ARRG,,"$1,785,000 ",$282.84 ,"6/4,0,1,0",6311/A,2002,"14.9/649,044",762/946,Y,,2.5,10/26/14,CCR
PI1054424,A,SFR/D,1275,Montecito Ridge DR  ,ARRG,ARRG,,"$1,799,000 ",$326.02 ,"4/3,0,1,0",5518/A,2008,"5/217,800",401/401,Y,,2.5,6/23/16,CCR
PI1068588,A,SFR/A,2375,Woodland Hills RD  ,ARRG,ARRG,,"$1,799,000 ",$288.26 ,"4/4,0,1,0",6241/A,2009,"10/435,600",151/151,Y,,2,6/30/16,CCR
PI1071043,A,SFR/D,2514,Huasna RD  ,ARRG,ARRG,,"$1,800,000 ",$709.22 ,"2/2,0,1,0",2538/S,1997,"42.38/1,846,073",82/846,Y,,2.5,9/7/16,CCR
SP1072514,A,SFR/D,2530,Softchess PL  ,ARRG,ARRG,,"$1,849,000 ",$546.39 ,"3/2,0,1,0",3384/A,1990,"1.48/64,469",29/29,Y,Y,2.5,10/30/16,CCR
SP1063809,A,SFR/D,1150,Button Sage WY  ,ARRG,ARRG,,"$1,850,000 ",$335.75 ,"5/4,2,1,0",5510/S,1989,"1.35/58,806",277/277,Y,Y,2.5,2/25/16,CCR
PI1072801,A,SFR/D,155,Piedra Springs RD  ,ARRG,ARRG,,"$2,099,000 ",$473.28 ,"5/5,0,1,0",4435/B,0,"1.71/74,488",18/18,Y,,2.5,11/10/16,CCR
SP1065730,A,SFR/D,255,Piedra Springs   ,ARRG,ARRG,,"$2,425,000 ",$577.66 ,"4/1,2,1,0",4198/A,2009,"1.99/86,684",227/227,Y,,2.5,4/15/16,CCR
SP1072177,A,SFR/D,7900,Cortez   ,ATSC,ATSC,,"$333,000 ",$277.50 ,"3/2,0,0,0",1200/A,1983,"0.1/4,356",42/42,Y,,3,10/17/16,CCR
PR1058603,A,SFR/D,11450,Viejo Camino   ,ATSC,ATSC,,"$350,000 ",$253.26 ,"3/2,0,0,0",1382/A,1987,"2/87,120",464/464,Y,,2.5,8/22/15,CCR
PI1068914,A,CONDO/A,9107,Arbol Del Rosal WY   #180,ATSC,ATSC,,"$381,999 ",$220.43 ,"3/2,0,1,0",1733/A,2007,"0.08/3,485",137/137,N,,3,7/14/16,CCR
PI1072172,A,SFR/D,5760,Olmeda AV  ,ATSC,ATSC,,"$385,000 ",$263.70 ,"3/2,0,1,0",1460/A,2004,"0.0335/1,459",41/41,Y,,2.5,10/18/16,CCR
SP1071845,A,SFR/D,5710,Olmeda AV  ,ATSC,ATSC,,"$407,500 ",$309.65 ,"3/1,0,0,0",1316/A,1935,"0.7782/33,898",43/43,Y,,3,10/5/16,CCR
SP1073153,A,CONDO/A,9361,Riberena CR   #15,ATSC,ATSC,,"$419,900 ",$210.06 ,"3/3,0,0,0",1999/S,2016,"0.0459/1,999",3-Mar,Y,,3*,11/25/16,CCR
SP1072051,A,SFR/D,7605,Castano AV  ,ATSC,ATSC,,"$424,900 ",$313.35 ,"3/2,0,0,0",1356/A,1985,"0.2479/10,799",46/46,Y,,3,10/13/16,CCR
SC1072816,A,SFR/A,8595,El Centro RD  ,ATSC,ATSC,,"$428,500 ",$326.60 ,"3/2,0,0,0",1312/A,2003,"0.15/6,534",17/17,N,,2.5,11/11/16,CCR
SP1070467,A,SFR/D,4405,Rosita AV  ,ATSC,ATSC,,"$429,900 ",$277.00 ,"3/2,0,0,0",1552/A,1978,"0.3558/15,499",97/97,Y,,2.5,8/23/16,CCR
SC1067422,A,SFR/D,4495,Lobos AV  ,ATSC,ATSC,,"$435,000 ",$260.17 ,"3/2,1,0,0",1672/A,1974,"0.179/7,797",177/177,Y,,2.500*,5/29/16,CCR
PR1072039,A,SFR/D,3425,La Luz RD  ,ATSC,ATSC,,"$435,000 ",$263.64 ,"3/1,1,0,0",1650/A,1984,"1.0178/44,335",46/46,Y,,2.5,10/13/16,CCR
SP1066159,A,SFR/D,1198,Galeria CT  ,ATSC,ATSC,,"$459,000 ",$220.78 ,"4/2,1,1,0",2079/S,0,"0.1118/4,869",164/164,Y,,3*,5/6/16,CCR
PI1066404,A,COMRES/D,8565,El Camino Real   ,ATSC,ATSC,,"$480,000 ",$192.00 ,"2/1,0,1,0",2500/SEE,0,"0.198/8,625",211/211,Y,,2,5/1/16,CCR
PR1069365,A,SFR/D,4760,El Verano AV  ,ATSC,ATSC,,"$499,000 ",$198.41 ,"3/3,0,0,0",2515/A,1973,"0.5051/22,002",125/125,Y,,2.5,7/22/16,CCR
PR1070660,A,SFR/D,7400,Portola RD  ,ATSC,ATSC,,"$500,000 ",$258.26 ,"3/1,0,1,0",1936/SEE,1918,"2.16/94,090",91/91,Y,,2.5,8/29/16,CCR
PR1069435,A,SFR/D,2305,Rio Rita RD  ,ATSC,ATSC,,"$510,000 ",$299.65 ,"3/2,0,0,0",1702/A,2002,"2.5/108,900",127/127,Y,,2.5,7/24/16,CCR
PI1070917,A,SFR/D,8925,Azucena AV  ,ATSC,ATSC,,"$534,000 ",$288.03 ,"3/2,0,1,0",1854/A,1989,"0.5/21,780",65/65,Y,,2,9/6/16,CCR
PR1069659,A,SFR/D,7205,San Gabriel   ,ATSC,ATSC,,"$550,000 ",$305.39 ,"3/1,1,1,0",1801/A,1951,"1.53/66,647",97/97,Y,,2.5,9/12/16,CCR
SP1071440,A,SFR/D,9575,Lake View   ,ATSC,ATSC,,"$569,000 ",$293.90 ,"3/2,0,0,0",1936/A,1979,"0.87/37,897",67/67,Y,,2.5,9/22/16,CCR
PI1073107,A,SFR/D,13800,Santa Lucia   ,ATSC,ATSC,,"$569,000 ",$343.60 ,"3/2,0,0,0",1656/S,1988,"2.8435/123,863",6-Jun,Y,,2.5,11/22/16,CCR
SP1071896,A,SFR/D,9156,Santa Barbara RD  ,ATSC,ATSC,,"$582,000 ",$290.42 ,"3/2,0,0,0",2004/A,1984,"2.5/108,900",53/53,Y,,2,10/6/16,CCR
SP1068402,A,SFR/D,11255,Eliano ST  ,ATSC,ATSC,,"$624,000 ",$281.84 ,"4/2,0,1,0",2214/SEE,2015,"0.189/8,233",156/156,Y,,2.5,6/25/16,CCR
PI1072824,A,SFR/D,3331,Via Del Sueno   ,ATSC,ATSC,,"$669,900 ",$310.14 ,"3/2,0,0,0",2160/A,2003,"0.5789/25,217",18/18,Y,Y,2.5,11/10/16,CCR
SP1071028,A,SFR/D,8705,Azucena AV  ,ATSC,ATSC,,"$676,000 ",$208.32 ,"4/3,0,0,0",3245/A,1989,"0.5815/25,330",80/80,Y,,2,9/9/16,CCR
PR1068851,A,SFR/D,12712,San Felipe CT   #29,ATSC,ATSC,,"$679,000 ",$289.18 ,"4/2,1,0,0",2348/S,0,"1.67/72,745",143/143,Y,,2.5,7/8/16,CCR
PI1071944,A,SFR/A,12275,Alondra RD  ,ATSC,ATSC,,"$748,000 ",$230.01 ,"3/3,0,0,0",3252/A,1966,"2.8/121,968",49/49,Y,,2.5,10/10/16,CCR
PR1068039,A,SFR/D,9950,Enchanto RD  ,ATSC,ATSC,,"$750,000 ",$289.35 ,"3/1,1,1,0",2592/A,2003,"5.07/220,849",167/167,Y,,2.5,6/14/16,CCR
PR1072424,A,SFR/D,9735,Laurel RD  ,ATSC,ATSC,,"$759,900 ",$261.85 ,"4/2,0,1,0",2902/A,1988,"2.92/127,195",33/33,Y,,2.5,10/26/16,CCR
SP1071632,A,SFR/D,7500,San Gregorio RD  ,ATSC,ATSC,,"$799,000 ",$368.20 ,"4/2,0,1,0",2170/S,1978,"3.4/148,104",61/61,Y,,3.5,9/28/16,CCR
PR1068020,A,SFR/D,6450,San Gabriel RD  ,ATSC,ATSC,,"$839,000 ",$288.51 ,"4/2,0,1,0",2908/A,2002,"4.27/186,001",167/167,Y,,2.5,6/14/16,CCR
SC1072231,A,SFR/D,9900,Carmelita AV  ,ATSC,ATSC,,"$849,000 ",$376.83 ,"3/3,0,0,0",2253/S,1980,"1.39/60,548",39/39,Y,Y,2.5,10/20/16,CCR
SC1066345,A,SFR/A,7450,Santa Cruz RD  ,ATSC,ATSC,,"$849,500 ",$160.92 ,"4/2,0,2,1",5279/A,1987,"3.25/141,570",172/333,Y,,2.5,4/27/16,CCR
PI1070785,A,SFR/D,6455,San Gabriel RD  ,ATSC,ATSC,,"$850,000 ",$299.72 ,"4/3,0,0,0",2836/A,2001,"3.77/164,221",80/80,Y,,2.5,9/9/16,CCR
PR1070983,A,SFR/D,9123,Santa Margarita RD  ,ATSC,ATSC,,"$850,000 ",$312.96 ,"3/2,1,1,0",2716/SEE,1991,"2.4/104,544",80/80,Y,Y,2.5,9/9/16,CCR
AT1062328,A,SFR/D,7586,Balboa RD  ,ATSC,ATSC,"SPAY,FOR","$875,000 ",$159.79 ,"5/5,0,1,0",5476/A,1983,"4/174,240",317/317,Y,,2.5,1/13/16,CCR
PR1063712,A,SFR/D,11505,Santa Ana RD  ,ATSC,ATSC,,"$899,000 ",$299.67 ,"4/3,0,1,0",3000/AP,1989,"4.22/183,823",280/280,Y,,2.5,2/22/16,CCR
PR1071086,A,SFR/D,7655,Bella Vista RD  ,ATSC,ATSC,,"$900,000 ",$290.60 ,"4/2,2,1,0",3097/A,2003,"2.27/98,881",77/77,Y,,2.5,9/12/16,CCR
PI1068463,A,SFR/A,12400,San Marcos RD  ,ATSC,ATSC,,"$1,054,000 ",$300.71 ,"4/2,1,0,0",3505/SEE,2007,"2.53/110,207",154/154,Y,,2.5,6/27/16,CCR
PI1064308,A,SFR/D,5255,Escarpa AV  ,ATSC,ATSC,,"$1,200,000 ",$240.10 ,"4/3,0,1,0",4998/S,2002,"2.3/100,188",264/264,Y,,2,3/9/16,CCR
PR1070898,A,SFR/D,5950,Rocky Canyon RD  ,ATSC,ATSC,,"$2,499,000 ",$658.67 ,"4/2,2,0,0",3794/AP,1948,"59.7/2,600,532",36/36,Y,Y,2.5,9/6/16,CCR
SP1068182,A,/A,260,2nd   ,AVIL,AVIL,,"$469,900 ",$306.92 ,"2/2,0,0,0",1531/B,0,"0.108/4,700",119/119,Y,,2,8/1/16,CCR
SP1068757,A,/A,270,2nd   ,AVIL,AVIL,,"$489,900 ",$319.99 ,"2/2,0,0,0",1531/B,0,"0.108/4,700",119/119,Y,,2,8/1/16,CCR
SP1068180,A,/D,240,2nd    #1 & 2,AVIL,AVIL,,"$599,900 ",$304.52 ,"2/2,0,1,0",1970/B,0,"0.108/4,700",119/119,Y,,2,8/1/16,CCR
SP1070299,A,CONDO/A,6435,Fiddleneck LN   #22,AVIL,AVIL,,"$675,000 ",$482.83 ,"2/2,0,1,0",1398/SEE,1987,"0.0321/1,398",94/94,Y,,2.5,8/17/16,CCR
SP1071688,A,CONDO/A,2283,Cranesbill PL  ,AVIL,AVIL,,"$699,000 ",$404.75 ,"2/2,0,1,0",1727/A,1988,"0.0396/1,725",59/261,Y,,2,9/30/16,CCR
SC1071510,A,CONDO/A,290,Ocean Oaks DR  ,AVIL,AVIL,,"$875,000 ",$745.95 ,"1/2,0,1,0",1173/A,2005,0.018/784,63/63,Y,Y,2.25,9/26/16,CCR
PI1070411,A,SFR/A,2880,Elderberry   ,AVIL,AVIL,,"$979,000 ",$564.27 ,"3/2,0,1,0",1735/A,2008,"0.088/3,833",99/99,Y,,2.000*,8/21/16,CCR
SP1066845,A,SFR/D,2910,Club Moss   ,AVIL,AVIL,,"$1,124,777 ",$511.26 ,"3/2,0,1,0",2200/SEE,0,"0.0918/3,999",189/189,Y,,2,5/23/16,CCR
SP1068427,A,CONDO/A,69,San Miguel ST  ,AVIL,AVIL,,"$1,195,000 ",$784.64 ,"3/2,0,1,0",1523/A,2006,"0.035/1,525",153/153,Y,,2.25,6/28/16,CCR
SP1052288,A,SFR/D,550,Bassi   ,AVIL,AVIL,,"$2,325,000 ",$837.54 ,"3/2,0,1,0",2776/A,1998,"2.48/108,029",638/638,Y,,2.5,3/1/15,CCR
SP1068752,A,/D,230,2nd   ,AVIL,AVIL,,"$2,999,500 ","$1,127.63 ","3/3,0,0,0",2660/B,0,"0.108/4,700",119/119,Y,,2,8/1/16,CCR
PI1071981,A,CONDO/A,150,Branch    #154,PSMO,PSMO,,"$275,000 ",$300.55 ,"2/2,0,0,0",915/SEE,2016,0,48/48,Y,,3,10/11/16,CCR
PI1072600,A,CONDO/A,150,Branch    #254,PSMO,PSMO,,"$275,000 ",$300.55 ,"2/2,0,0,0",915/SEE,2016,0,27/27,Y,,3,11/1/16,CCR
PI1070359,A,SFR/A,741,White Oak BL  ,PSMO,PSMO,,"$525,000 ",$436.77 ,"2/2,0,0,0",1202/A,1985,"0.0835/3,637",102/102,Y,,2.5,8/18/16,CCR
SP1070003,A,/A,437,Ocean View AV   #103,PSMO,PSMO,,"$529,000 ",$440.83 ,"3/2,0,0,0",1200/SEE,2007,0.0148/645,112/112,Y,,3,8/8/16,CCR
PI1065287,A,CONDO/A,210,Stimson AV  ,PSMO,PSMO,,"$599,000 ",$489.78 ,"2/2,0,1,0",1223/A,1984,"0.0281/1,224",238/238,Y,,3,4/4/16,CCR
PI1073073,A,SFR/A,246,Ridge RD  ,PSMO,PSMO,,"$675,000 ",$473.68 ,"3/2,0,0,0",1425/A,1985,"0.1097/4,779",8-Aug,Y,,2,11/20/16,CCR
PI1070567,A,CONDO/A,234,Ocean View AV  ,PSMO,PSMO,,"$679,900 ",$596.40 ,"2/2,0,1,0",1140/S,2008,"0.218/9,500",95/95,Y,,2,8/25/16,CCR
PI1071113,A,CONDO/A,2251,Shell Beach RD   #33,PSMO,PSMO,,"$698,000 ",$544.46 ,"3/2,0,0,0",1282/A,1973,"0.0294/1,281",70/70,Y,,2.5,9/13/16,CCR
PI1069590,A,SFR/D,478,Hinds AV  ,PSMO,PSMO,,"$699,999 ",$856.79 ,"3/1,0,0,0",817/A,1950,"0.2/8,699",120/786,Y,,2.5,7/31/16,CCR
PI1070169,A,CONDO/A,233,Park AV   #3,PSMO,PSMO,,"$709,000 ",$503.55 ,"2/2,0,0,0",1408/A,1990,"0.032/1,407",106/106,Y,,2.25,8/14/16,CCR
SP1072837,A,SFR/D,226,Castaic AV  ,PSMO,PSMO,,"$729,000 ",$972.00 ,"2/1,0,0,0",750/A,1954,"0.062/2,701",17/88,Y,,2.5,11/11/16,CCR
PI1070926,A,SFR/A,121,Narlene WY  ,PSMO,PSMO,,"$749,000 ",$354.64 ,"3/3,0,0,0",2112/A,1986,"0.22/9,601",82/82,Y,,2.5,9/7/16,CCR
PI1072032,A,SFR/A,940,Taft   ,PSMO,PSMO,,"$759,000 ",$257.29 ,"4/2,1,0,0",2950/S,1961,"0.1148/5,001",46/46,Y,,2.5,10/13/16,CCR
SP1072587,A,SFR/D,1001,Canyon LN  ,PSMO,PSMO,,"$795,000 ",$412.77 ,"3/2,0,0,0",1926/S,2017,"0.1148/5,000",24/24,Y,,2,11/4/16,CCR
PI1071076,A,SFR/D,628,Shamrock LN  ,PSMO,PSMO,,"$824,900 ",$363.87 ,"4/2,0,1,0",2267/A,1994,"0.1149/5,005",74/74,Y,,2,9/15/16,CCR
SP1072584,A,SFR/D,993,Canyon LN  ,PSMO,PSMO,,"$825,000 ",$377.40 ,"3/2,0,1,0",2186/S,2017,"0.1148/5,000",24/24,Y,,2,11/4/16,CCR
PI1070854,A,SFR/D,72,El Viento   ,PSMO,PSMO,,"$829,000 ",$498.80 ,"3/2,0,1,0",1662/A,1996,"0.1649/7,183",86/99,Y,,2,9/3/16,CCR
PI1072777,A,SFR/D,68,Valley View DR  ,PSMO,PSMO,,"$839,000 ",$413.71 ,"3/2,0,1,0",2028/A,1996,"0.2457/10,703",19/19,Y,,2.75,11/9/16,CCR
PI1072923,A,SFR/A,71,Valley View DR  ,PSMO,PSMO,,"$840,000 ",$420.63 ,"3/2,0,1,0",1997/SEE,1993,"0.1645/7,166",23/23,Y,,2.5,11/5/16,CCR
PI1070688,A,SFR/A,830,Fresno ST  ,PSMO,PSMO,,"$849,000 ",$339.60 ,"3/2,1,0,0",2500/S,1956,"0.1148/5,001",78/234,Y,,2.5,9/5/16,CCR
PI1071273,A,SFR/D,1326,Costa Del Sol   ,PSMO,PSMO,,"$855,000 ",$601.69 ,"3/2,0,0,0",1421/A,1999,"0.1195/5,205",73/73,Y,,2.5,9/16/16,CCR
SP1071141,A,CONDO/A,1807,Costa Brava   ,PSMO,PSMO,,"$895,000 ",$511.72 ,"3/1,1,1,0",1749/A,2004,"0.0929/4,047",73/73,Y,,2,9/16/16,CCR
PI1071790,A,CONDO/A,339,Stimson   ,PSMO,PSMO,,"$895,000 ",$535.61 ,"2/1,1,1,0",1671/B,0,"0.0474/2,065",123/123,Y,,2.5,7/28/16,CCR
PI1071791,A,CONDO/A,341,Stimson   ,PSMO,PSMO,,"$895,000 ",$535.61 ,"2/1,1,1,0",1671/B,0,"0.0474/2,065",123/123,Y,,2.5,7/28/16,CCR
PI1068078,A,SFR/D,450,Dell CT  ,PSMO,PSMO,,"$898,000 ",$313.55 ,"4/3,0,1,0",2864/SEE,2008,"0.2181/9,500",157/157,Y,,2,8/31/16,CCR
PI1071743,A,CONDO/A,337,Stimson   ,PSMO,PSMO,,"$899,000 ",$527.27 ,"2/1,1,1,0",1705/B,0,"0.0474/2,065",123/123,Y,,2.5,7/28/16,CCR
PI1071792,A,CONDO/A,343,Stimson   ,PSMO,PSMO,,"$899,000 ",$520.56 ,"3/1,1,1,0",1727/B,0,"0.0474/2,065",123/123,Y,,2.5,7/28/16,CCR
PI1070592,A,/D,260,Stimson   ,PSMO,PSMO,,"$918,000 ",$600.00 ,"3/3,0,1,0",1530/SEE,0,0.0176/767,94/94,Y,,2.000*,8/26/16,CCR
SC1072445,A,/A,173,Searidge CT  ,PSMO,PSMO,,"$925,000 ",$593.71 ,"2/2,0,0,0",1558/A,1988,"0.06/2,614",32/32,Y,,2.25,10/27/16,CCR
PI1072446,A,SFR/D,250,Placentia AV  ,PSMO,PSMO,,"$975,000 ",$753.48 ,"2/1,1,0,0",1294/A,1953,"0.093/4,051",33/33,Y,,3*,10/26/16,CCR
PI1071643,A,SFR/D,1231,Longview AV  ,PSMO,PSMO,,"$989,000 ",$482.91 ,"3/3,0,1,0",2048/A,1989,"0.1148/5,001",60/60,Y,,2.5,9/29/16,CCR
SP1068819,A,SFR/D,119,La Floricita   ,PSMO,PSMO,,"$997,500 ",$336.42 ,"3/2,0,1,0",2965/S,1995,"0.1919/8,360",144/144,Y,,2.5,7/7/16,CCR
PI1071434,A,SFR/D,206,Vincente CT  ,PSMO,PSMO,,"$999,500 ",$493.09 ,"3/3,0,1,0",2027/A,2015,"0.2803/12,210",67/67,Y,,2,9/22/16,CCR
PI1072326,A,SFR/D,960,Tulare   ,PSMO,PSMO,,"$1,100,000 ",$355.87 ,"5/2,1,0,0",3091/A,1972,"0.1722/7,501",38/38,Y,,2.5,10/21/16,CCR
PI1071443,A,SFR/A,1558,Costa Brava   ,PSMO,PSMO,,"$1,155,500 ",$574.30 ,"3/3,0,0,1",2012/SEE,0,"0.1268/5,522",66/66,Y,,2*,9/23/16,CCR
PI1069207,A,SFR/D,1455,Costa Del Sol   ,PSMO,PSMO,,"$1,169,500 ",$560.64 ,"3/3,0,0,1",2086/SEE,2016,"0.13/5,647",132/132,Y,,2.000*,7/19/16,CCR
PI1069011,A,SFR/D,941,Shafer   ,PSMO,PSMO,,"$1,295,000 ",$446.55 ,"5/3,0,1,0",2900/B,1989,"0.1187/5,171",137/137,Y,,2.5,7/14/16,CCR
PI1070693,A,SFR/D,651,Hanford ST  ,PSMO,PSMO,,"$1,295,000 ",$466.50 ,"4/2,0,1,0",2776/A,2002,"0.1148/5,001",91/91,Y,,2.5,8/29/16,CCR
PI1073140,A,SFR/D,1353,Costa Brava   ,PSMO,PSMO,,"$1,299,000 ",$630.89 ,"3/2,0,0,0",2059/A,2011,"0.1199/5,223",5-May,Y,,2.5,11/23/16,CCR
PI1072889,A,/D,1284,Costa Brava   ,PSMO,PSMO,,"$1,490,000 ",$529.50 ,"4/3,0,1,0",2814/A,2013,"0.1421/6,190",17/17,Y,,2.5,11/11/16,CCR
PI1067977,A,SFR/A,208,Foothill RD  ,PSMO,PSMO,,"$1,595,000 ",$521.75 ,"5/5,0,1,0",3057/A,2001,"0.15/6,521",168/609,Y,,3,6/13/16,CCR
PI1071731,A,SFR/D,365,Placentia   ,PSMO,PSMO,,"$1,625,000 ",$907.82 ,"3/2,0,0,0",1790/A,2007,"0.058/2,526",58/58,Y,,2.5,10/1/16,CCR
PI1073081,A,SFR/D,344,Capistrano AV  ,PSMO,PSMO,,"$2,295,000 ",$645.03 ,"4/3,0,1,0",3558/SEE,1957,"0.1653/7,200",6-Jun,Y,Y,2.5,11/22/16,CCR
PI1072156,A,SFR/D,107,Indio DR  ,PSMO,PSMO,,"$2,395,000 ","$1,503.45 ","3/1,1,0,0",1593/SEE,1959,0,45/45,Y,,2,10/14/16,CCR
PI1072222,A,COMRES/D,370,Wadsworth AV  ,PSMO,PSMO,,"$2,650,000 ",$748.16 ,"8/3,0,0,0",3542/A,1915,"0.2525/10,999",40/40,Y,,2,10/19/16,CCR
PI1071235,A,SFR/D,178,Bluff DR  ,PSMO,PSMO,,"$4,899,000 ",$934.03 ,"5/4,0,0,0",5245/A,1997,"1.26/54,886",87/272,Y,,2.5,9/2/16,CCR
PI1071092,A,SFR,2054,Ocean BL  ,PSMO,PSMO,,"$5,900,000 ",$556.34 ,"3/2,1,0,1",10605/A,2007,"0.4293/18,700",97/424,Y,,2.5,8/23/16,CCR
SP1056196,A,SFR/D,42,Bluff DR  ,PSMO,PSMO,,"$5,950,000 ","$1,145.99 ","5/3,3,1,0",5192/A,2001,"1.17/50,965",530/530,Y,Y,2.25,6/15/15,CCR
IV16735449,A,SFR/D,2388,Sandpiper LN  ,PSOR,PSOR,"REO,AUC","$243,800 ",$203.17 ,"3/2,0,0,0",1200/A,1981/ASR,"0.1/4,356",13/13,Y,N,3,10/28/16,CRMLSM
OC13051864,A,SFR/D,4710,Flying Paster LN  ,PSOR,PSOR,STD,"$23,000,000 ","$3,743.49 ","4/5,0,0,0",6144/A,1984/SLR,"724/31,537,440",1341/1341,Y,N,2,3/26/13,CRMLSM
SP1071789,A,CONDO/A,411 E,Foothill BL   #3,SLO,SLO,,"$289,500 ",$482.50 ,"1/1,0,0,0",600/S,1985,0.0126/549,49/49,Y,,3,10/10/16,CCR
SP1070589,A,CONDO/A,1041,Southwood DR   #D,SLO,SLO,,"$290,000 ",$325.11 ,"2/1,0,0,0",892/A,1987,0.021/893,94/94,Y,,2.5,8/26/16,CCR
SP1070853,A,CONDO/A,2975,Rockview    #19,SLO,SLO,,"$291,375 ",$321.25 ,"2/1,0,0,0",907/A,1985,0.02/889,87/231,Y,,2.5,9/2/16,CCR
SP1072739,A,CONDO/A,1029,Southwood DR   #C,SLO,SLO,,"$337,500 ",$349.38 ,"2/2,0,0,0",966/A,1987,0.0222/967,21/21,Y,,2.5,11/7/16,CCR
SP1072734,A,CONDO/A,1033,Southwood DR   #U,SLO,SLO,,"$370,000 ",$353.39 ,"2/2,0,0,0",1047/A,1987,"0.024/1,045",21/21,Y,,2.5,11/7/16,CCR
SP1072493,A,CONDO/D,128,Fontana AV   #11,SLO,SLO,,"$374,900 ",$381.00 ,"2/2,0,0,0",984/A,1981,0.02/871,21/21,Y,,3,10/28/16,CCR
SC1072706,A,CONDO/A,2972,Rockview   ,SLO,SLO,,"$410,000 ",$398.45 ,"2/1,0,1,0",1029/A,1991,"0.0327/1,424",25/25,Y,,2.25,11/3/16,CCR
PI1071462,A,CONDO/A,3340,Rockview PL   #1,SLO,SLO,,"$415,000 ",$289.00 ,"2/1,0,1,0",1436/A,1982,"0.033/1,437",66/66,Y,,2,9/23/16,CCR
SP1069405,A,CONDO/A,570,Peach    #2,SLO,SLO,,"$425,000 ",$462.96 ,"2/2,0,0,0",918/A,1975,0.0211/919,128/128,Y,,2.5,7/23/16,CCR
SP1071423,A,SFR/D,660,South   ,SLO,SLO,,"$425,000 ",$459.96 ,"2/1,0,0,0",924/A,1947,"0.062/2,701",67/67,Y,,2.5,9/22/16,CCR
PI1072715,A,CONDO/A,2250,King CT   #64,SLO,SLO,,"$443,000 ",$352.71 ,"2/1,0,1,0",1256/A,1980,"0.0288/1,255",19/19,N,,2.5,11/9/16,CCR
SP1072720,A,/A,943,Humbert AV  ,SLO,SLO,,"$475,000 ",$335.93 ,"3/2,0,1,0",1414/SEE,2016,0,17/17,Y,,2,11/11/16,CCR
SP1072722,A,/A,949,Humbert AV  ,SLO,SLO,,"$475,000 ",$335.93 ,"3/2,0,1,0",1414/SEE,2016,0,17/17,Y,,2,11/11/16,CCR
SP1072204,A,/D,58,Los Palos DR  ,SLO,SLO,,"$489,500 ",$378.58 ,"3/2,0,0,0",1293/A,1976,"0.0826/3,598",41/127,Y,,2.5,10/18/16,CCR
SP1070657,A,/A,937,Humbert AV  ,SLO,SLO,,"$499,000 ",$334.90 ,"3/2,0,1,0",1490/SEE,0,0,88/88,Y,,2,9/1/16,CCR
SP1072711,A,/A,939,Humbert AV  ,SLO,SLO,,"$499,000 ",$334.90 ,"3/2,0,1,0",1490/SEE,2016,0,17/17,Y,,2,11/11/16,CCR
SP1070431,A,/A,921,Humbert AV  ,SLO,SLO,,"$525,000 ",$313.43 ,"3/2,0,1,0",1675/SEE,0,0,39/39,Y,,2,9/1/16,CCR
SC1072952,A,CONDO/D,1490,Prefumo Canyon RD  ,SLO,SLO,,"$525,000 ",$384.90 ,"3/2,0,0,0",1364/A,1977,"0.0313/1,363",0/0,Y,,2.5,11/28/16,CCR
SP1071682,A,CONDO/D,1218,Southwood DR   #7,SLO,SLO,,"$549,000 ",$307.91 ,"2/2,0,0,0",1783/A,2008,"0.0351/1,529",59/59,Y,,2.5,9/30/16,CCR
SP1073091,A,/A,1490,Descanso ST   #13,SLO,SLO,,"$550,000 ",$345.69 ,"2/2,0,1,0",1591/A,1986,"0.0811/3,533",7-Jul,Y,,2.5,11/21/16,CCR
PI1072064,A,/D,840,Clearview   ,SLO,SLO,,"$559,500 ",$333.83 ,"2/2,0,1,0",1676/A,1988,"0.1306/5,689",46/46,Y,,2.5,10/13/16,CCR
SP1068633,A,SFR/D,3076,Rockview PL  ,SLO,SLO,,"$565,000 ",$431.96 ,"2/1,1,1,0",1308/SEE,0,"0.0776/3,380",150/150,Y,,2,7/1/16,CCR
SP1064977,A,COMRES/D,1142,Montalban ST  ,SLO,SLO,,"$569,000 ",$471.03 ,"2/1,1,0,0",1208/A,1910,"0.188/8,194",248/248,Y,,2.5,3/25/16,CCR
SC1073049,A,SFR/D,67,South ST  ,SLO,SLO,,"$569,000 ",$516.33 ,"2/1,0,1,0",1102/A,1900,"0.0735/3,202",10/433,N,,2.5,11/18/16,CCR
SP1068628,A,SFR/D,3086,Rockview PL  ,SLO,SLO,,"$594,295 ",$429.09 ,"2/1,1,1,0",1385/SEE,0,"0.0787/3,427",150/150,Y,,2,7/1/16,CCR
SP1069625,A,SFR/D,2425,Broad ST  ,SLO,SLO,,"$598,000 ",$534.41 ,"3/1,1,0,0",1119/A,0,"0.16/6,961",119/119,Y,,2.5,8/1/16,CCR
PI1072750,A,/A,1053,Trevor WY  ,SLO,SLO,,"$599,000 ",$341.12 ,"3/3,0,0,0",1756/A,1989,"0.0403/1,755",21/21,Y,,2.5,11/7/16,CCR
PI1072965,A,CONDO/A,1053,Trevor WY  ,SLO,SLO,,"$599,000 ",$341.12 ,"3/3,0,0,0",1756/A,1989,"0.0403/1,755",21/21,Y,,2.5,11/7/16,CCR
PI1072885,A,SFR/D,850,El Capitan WY  ,SLO,SLO,,"$619,000 ",$383.28 ,"3/2,0,0,0",1615/A,1945,"0.2394/10,428",16/16,Y,,2.5,11/12/16,CCR
SC1071267,A,CONDO/A,1069,Pauline WY  ,SLO,SLO,,"$625,000 ",$348.97 ,"3/2,0,1,0",1791/A,1990,"0.039/1,699",53/53,Y,,2.5,9/17/16,CCR
SP1070910,A,SFR/D,357,Christina WY  ,SLO,SLO,,"$629,000 ",$503.20 ,"3/2,0,0,0",1250/A,1953,"0.1722/7,501",60/60,Y,,2.5,9/8/16,CCR
SP1069988,A,SFR/D,868,Vista Del Arroyo   ,SLO,SLO,,"$657,000 ",$442.72 ,"4/3,0,0,0",1484/A,1982,"0.1492/6,499",76/76,Y,,2.5,8/8/16,CCR
SP1066180,A,SFR/A,1031,Walnut   ,SLO,SLO,,"$659,000 ",$496.98 ,"3/2,0,0,0",1326/A,1950,"0.1722/7,501",216/216,Y,,2.5,4/26/16,CCR
SP1068165,A,SFR/A,539,Ellen   ,SLO,SLO,,"$660,000 ",$444.74 ,"3/1,0,0,0",1484/A,0,"0.1558/6,787",163/163,Y,,2.5,6/18/16,CCR
SP1071698,A,SFR/A,4570,Wavertree   ,SLO,SLO,,"$674,000 ",$322.33 ,"4/2,0,1,0",2091/A,1997,"0.0846/3,685",47/47,Y,,2.5,9/30/16,CCR
SP1072656,A,SFR/D,713,Meinecke AV  ,SLO,SLO,,"$679,000 ",$746.15 ,"2/1,0,0,0",910/A,1949,"0.1377/5,998",25/25,Y,,2.5,11/3/16,CCR
SC1070877,A,CONDO/A,1327,Garden ST  ,SLO,SLO,,"$699,000 ",$832.14 ,"1/1,0,0,0",840/B,2014,"0.032/1,407",84/84,Y,,3,9/5/16,CCR
SP1072906,A,SFR/A,10,Cottonwood LN  ,SLO,SLO,,"$699,000 ",$408.77 ,"2/0,2,1,0",1710/SEE,1964,"0.6652/28,977",14/14,Y,,2.5,11/14/16,CCR
PI1067711,A,SFR/A,237,Bridge ST  ,SLO,SLO,,"$724,900 ",$430.46 ,"2/2,0,1,0",1684/B,0,"0.139/6,054",171/171,Y,,2,6/10/16,CCR
PI1072230,A,SFR/D,374,Junipero WY  ,SLO,SLO,,"$729,000 ",$351.16 ,"3/2,0,1,0",2076/A,2014,"0.0918/3,999",40/40,Y,,2.5,10/19/16,CCR
SP1068541,A,SFR/D,1533,Osos ST  ,SLO,SLO,,"$739,900 ",$614.53 ,"3/2,0,0,0",1204/A,1900,"0.0872/3,798",136/136,Y,,2.5,9/9/16,CCR
SP1072412,A,SFR/D,6060,Gallant PL  ,SLO,SLO,,"$749,000 ",$368.06 ,"3/2,0,0,0",2035/A,1974,"0.2525/10,999",0/0,Y,,2,11/28/16,CCR
SP1072470,A,SFR/D,925,Rachel CT  ,SLO,SLO,,"$783,988 ",$476.30 ,"3/2,1,0,0",1646/SEE,0,"0.1084/4,722",31/31,Y,,2.5,10/28/16,CCR
SP1072640,A,SFR/D,1320,Oceanaire DR  ,SLO,SLO,,"$799,000 ",$448.62 ,"2/2,0,0,0",1781/A,1975,"0.202/8,799",25/103,Y,,2,11/3/16,CCR
SP1073037,A,SFR/D,170,Ramona DR  ,SLO,SLO,,"$799,000 ",$449.89 ,"3/2,0,0,0",1776/A,1953,"0.1446/6,299",10-Oct,Y,,2.5,11/18/16,CCR
PI1068937,A,SFR/A,241,Bridge ST  ,SLO,SLO,,"$799,900 ",$475.00 ,"2/2,0,1,0",1684/B,0,"0.139/6,054",140/140,Y,,2,7/11/16,CCR
SP1072468,A,SFR/D,2172,Florence   ,SLO,SLO,,"$799,900 ",$446.12 ,"3/1,2,0,0",1793/SEE,2016,"0.1088/4,739",31/31,Y,,2.5*,10/28/16,CCR
SP1072469,A,SFR/A,947,Rachel CT  ,SLO,SLO,,"$801,822 ",$487.13 ,"3/2,1,0,0",1646/SEE,0,"0.1088/4,739",31/397,Y,,2.5,10/28/16,CCR
SC1070676,A,SFR/D,810,Del Rio   ,SLO,SLO,,"$815,000 ",$340.43 ,"5/3,0,0,0",2394/A,1978,"0.1832/7,980",88/88,Y,,2.5,9/1/16,CCR
SP1072522,A,SFR/D,948,Rachel CT  ,SLO,SLO,,"$815,573 ",$575.16 ,"3/1,2,0,0",1418/SEE,0,"0.1369/5,963",31/31,Y,,2.5*,10/28/16,CCR
SP1072170,A,SFR/D,518,Bluerock DR  ,SLO,SLO,,"$825,000 ",$408.82 ,"3/2,0,1,0",2018/A,1999,"0.107/4,661",42/42,Y,,2.5,10/17/16,CCR
SP1072818,A,SFR/D,5295,Ontario RD  ,SLO,SLO,,"$829,000 ",$421.24 ,"3/2,0,1,0",1968/A,1979,"2.39/104,108",17/77,Y,,2.5,11/11/16,CCR
SP1072521,A,SFR/D,971,Rachel CT  ,SLO,SLO,,"$836,024 ",$471.00 ,"3/2,2,0,0",1775/SEE,0,"0.1098/4,781",31/31,Y,,2.5*,10/28/16,CCR
SP1071970,A,SFR/D,411,Woodbridge ST  ,SLO,SLO,,"$839,900 ",$303.65 ,"3/2,1,0,0",2766/A,1987,"0.1377/5,998",48/48,Y,,2.5,10/11/16,CCR
SP1072878,A,SFR/D,1932,Corralitos   ,SLO,SLO,,"$849,000 ",$530.62 ,"3/1,1,0,0",1600/S,0,"0.1897/8,263",17/17,Y,,2.5,11/11/16,CCR
PI1070586,A,SFR/D,1309,Richard ST  ,SLO,SLO,,"$899,000 ",$312.70 ,"4/1,2,0,0",2875/A,1950,"0.74/32,234",92/92,Y,,2.5,8/28/16,CCR
SC1071578,A,SFR/A,229,Luneta DR  ,SLO,SLO,,"$899,000 ",$455.19 ,"4/1,1,0,0",1975/AP,0,"0.2235/9,736",63/63,Y,,2,9/26/16,CCR
SP1071690,A,SFR/D,2310,Sunset DR  ,SLO,SLO,,"$899,000 ",$365.45 ,"4/2,1,0,0",2460/A,1983,"0.2727/11,879",69/69,Y,,2.5,9/20/16,CCR
SP1067074,A,SFR/D,172,Highland DR  ,SLO,SLO,,"$919,000 ",$405.56 ,"4/2,1,0,0",2266/A,1959,"0.23/10,001",193/193,Y,,2.5,5/19/16,CCR
SP1067925,A,SFR/D,2747,El Cerrito ST  ,SLO,SLO,,"$935,000 ",$282.31 ,"4/3,0,1,0",3312/A,1966,"0.2146/9,348",98/98,Y,,3,6/12/16,CCR
SP1073032,A,SFR/D,5640,Pinehurst WY  ,SLO,SLO,,"$945,000 ",$363.46 ,"4/3,0,0,0",2600/SEE,1989,"0.2655/11,566",8-Aug,Y,,2.5,11/20/16,CCR
SC1070620,A,SFR/D,2437,Cumbre CT  ,SLO,SLO,,"$949,000 ",$324.78 ,"4/2,0,1,0",2922/A,1985,"0.2525/10,999",91/91,Y,,2.5,8/29/16,CCR
SP1072865,A,SFR/D,1346,Peach   ,SLO,SLO,,"$950,000 ",$226.19 ,"6/3,1,1,0",4200/S,1910,"0.1631/7,105",19/19,Y,,2,11/9/16,CCR
SP1072335,A,SFR/D,870,Casitas CT  ,SLO,SLO,,"$959,000 ",$260.46 ,"4/3,0,1,0",3682/A,1989,"0.1377/5,998",35/35,Y,,2.5,10/24/16,CCR
SP1070775,A,CONDO/A,1328,Morro ST   #110,SLO,SLO,,"$981,625 ",$763.91 ,"2/1,1,0,0",1285/S,0,"0.0295/1,285",88/88,Y,,2,9/1/16,CCR
SP1070850,A,SFR/D,800,Del Rio   ,SLO,SLO,,"$989,000 ",$287.50 ,"4/4,0,0,0",3440/A,1978,"0.1832/7,980",86/222,Y,,2,9/3/16,CCR
SP1069333,A,SFR/D,470,Pismo ST  ,SLO,SLO,,"$1,200,000 ",$465.48 ,"5/3,0,0,0",2578/A,1941,"0.1722/7,501",131/131,Y,,2.5,7/20/16,CCR
SC1052854,A,SFR/D,1680,San Luis DR  ,SLO,SLO,,"$1,225,000 ",$426.24 ,"3/2,1,0,0",2874/SEE,1940,"0.3214/14,000",734/734,Y,,2.5,11/3/14,CCR
SC1068168,A,SFR/D,815,Greystone PL  ,SLO,SLO,,"$1,250,000 ",$357.14 ,"4/2,1,0,0",3500/AP,1999,"0.2286/9,958",161/161,Y,,2,6/20/16,CCR
SP1065023,A,SFR/A,2061,Fixlini ST   #Lot13,SLO,SLO,,"$1,269,000 ",$455.49 ,"4/4,0,0,0",2786/B,2016,"0.1584/6,901",245/245,Y,,2.5,3/28/16,CCR
SP1073013,A,SFR/D,219,Mission LN  ,SLO,SLO,,"$1,349,000 ",$435.16 ,"4/3,0,0,0",3100/SEE,1985,"0.2755/12,001",11-Nov,Y,,2,11/17/16,CCR
SP1071937,A,SFR/D,733,Greystone PL  ,SLO,SLO,,"$1,485,000 ",$424.29 ,"5/4,0,1,0",3500/S,2000,"0.2784/12,127",51/51,Y,,2.5,10/8/16,CCR
SP1072321,A,SFR/D,580,Oakridge DR  ,SLO,SLO,,"$1,595,000 ",$646.80 ,"4/1,1,1,0",2466/A,1969,"0.2984/12,998",35/35,Y,,2,10/24/16,CCR
SP1071538,A,SFR/D,820,Via Laguna Vista   ,SLO,SLO,,"$1,695,000 ",$325.40 ,"5/4,0,1,0",5209/AP,2004,"0.95/41,382",21/21,Y,,2.5,9/26/16,CCR
SP1071549,A,SFR/D,6150,Balm Ridge WY  ,SLO,SLO,,"$1,899,000 ",$583.77 ,"4/2,1,0,0",3253/SEE,2000,"16.27/708,721",63/168,Y,,2.25,9/26/16,CCR
SP1071600,A,SFR/A,672,Oakridge   ,SLO,SLO,,"$1,950,000 ",$375.72 ,"5/5,0,2,0",5190/A,1996,"3.31/144,184",62/261,Y,,2.5,9/27/16,CCR
PI1061786,A,SFR/D,1142,Marsh ST  ,SLO,SLO,,"$2,100,000 ",$648.95 ,"3/3,0,2,0",3236/S,0,"0.051/2,200",549/549,Y,,2,5/29/15,CCR
PI1065952,A,SFR/D,103,Twin Ridge DR  ,SLO,SLO,,"$2,195,500 ",$410.37 ,"4/4,0,1,0",5350/S,1997,"0.78/33,976",224/585,Y,,1.75,4/18/16,CCR
SP1070857,A,SFR/D,663,Hill ST  ,SLO,SLO,,"$2,200,000 ",$814.81 ,"3/2,0,1,0",2700/S,1986,"2/87,120",88/88,Y,,2,9/1/16,CCR
SP1064514,A,SFR/D,550,Bassi   ,SLO,SLO,,"$2,325,000 ",$837.54 ,"3/2,0,1,0",2776/A,1998,"2.48/108,029",638/638,Y,,2.5,3/1/15,CCR
PI1068305,U,SFR/A,827,Willow LN  ,ARRG,ARRG,,"$475,000 ",$297.62 ,"4/2,0,0,0",1596/SEE,0,"0.1663/7,242",159/159,Y,,2.5,10/12/16,CCR
PI1072919,U,SFR/D,327,Corona Del Terra   ,ARRG,ARRG,,"$560,000 ",$348.26 ,"3/2,0,1,0",1608/A,1975,"0.1791/7,802",14/14,Y,,3,11/22/16,CCR
PI1071974,U,SFR/A,225,Walnut ST  ,ARRG,ARRG,,"$569,000 ",$376.32 ,"3/2,0,0,0",1512/A,1949,"0.1736/7,562",39/39,Y,,2.5,11/18/16,CCR
PI1067077,U,SFR/D,1183,Stonecrest DR  ,ARRG,ARRG,,"$599,000 ",$229.94 ,"3/2,0,1,0",2605/A,2004,"0.1567/6,826",193/193,Y,,2.25,10/31/16,CCR
PI1070939,U,SFR/D,280,Tally Ho RD  ,ARRG,ARRG,,"$649,900 ",$475.07 ,"3/2,0,0,0",1368/A,1938,"0.2786/12,136",82/82,Y,,2.5,11/12/16,CCR
PI1071417,U,SFR/A,1020,Cougar Creek WY  ,ARRG,ARRG,,"$899,000 ",$460.32 ,"3/1,2,0,0",1953/SEE,1979,"2.5/108,900",68/68,Y,,2.5,10/14/16,CCR
PI1057678,U,SFR/A,836,Los Ciervos   ,ARRG,ARRG,,"$1,150,000 ",$321.14 ,"4/3,0,1,0",3581/A,2003,"0.5106/22,242",489/489,Y,,2.5,8/1/16,CCR
PI1068332,U,SFR/D,795,Printz RD  ,ARRG,ARRG,,"$1,197,000 ",$244.29 ,"9/5,0,0,0",4900/S,1966,"4.63/201,683",158/158,Y,,2.5,11/15/16,CCR
SP1072227,U,SFR/D,1771,Lyn RD  ,ARRG,ARRG,SPAY,"$1,269,000 ",$407.38 ,"4/3,0,0,0",3115/A,2002,"4.81/209,524",40/40,Y,,3*,11/1/16,CCR
PR203883,U,,7745,Navajoa AV  ,ATSC,ATSC,SPAY,"$290,000 ",$200.14 ,"3/2,0,1,0",1449/A,2006,"0.103/4,508",1130/1130,Y,,2.5,3/31/14,CCR
SC1071603,U,SFR/D,4000,Ardilla RD  ,ATSC,ATSC,,"$475,000 ",$282.07 ,"3/1,1,0,0",1684/A,1985,"1/43,560",58/58,Y,,2.5,10/11/16,CCR
SP1072430,U,SFR/A,7900,San Clemente AV  ,ATSC,ATSC,,"$499,000 ",$231.02 ,"3/3,0,0,0",2160/A,1986,"0.3841/16,731",26/26,Y,,2.5,11/21/16,CCR
PR1068824,U,SFR/D,12717,San Felipe CT   #24,ATSC,ATSC,,"$599,000 ",$255.11 ,"4/2,1,0,0",2348/S,0,"1.5/65,340",143/143,Y,,2.5,9/26/16,CCR
PI1070707,U,SFR/D,9455,Carmelita AV  ,ATSC,ATSC,,"$644,900 ",$230.32 ,"4/2,0,0,0",2800/S,0,"4.76/207,346",84/84,Y,,2.25,11/17/16,CCR
PR1068842,U,SFR/D,12720,San Felipe CT   #28,ATSC,ATSC,,"$699,000 ",$297.70 ,"4/2,1,0,0",2348/S,0,"1.75/76,230",108/108,Y,,2.5,9/19/16,CCR
PR1069524,U,SFR/D,9228,Santa Margarita RD  ,ATSC,ATSC,,"$865,000 ",$262.36 ,"3/2,0,0,0",3297/A,2000,"2.3/100,188",122/122,Y,Y,2.5,11/11/16,CCR
PR1056560,U,SFR/D,10805,Fuentes RD  ,ATSC,ATSC,,"$3,995,000 ","$1,044.99 ","3/3,0,0,1",3823/B,2007,"320.2/13,947,912",523/523,Y,Y,2.5,11/21/16,CCR
SP1063279,U,SFR/D,2920,Club Moss LN  ,AVIL,AVIL,,"$1,345,000 ",$546.30 ,"3/1,1,1,0",2462/S,0,"0.1216/5,297",273/273,Y,,2,9/16/16,CCR
PI1070944,U,SFR/D,540,San Luis AV  ,PSMO,PSMO,,"$939,000 ",$327.86 ,"5/4,0,0,0",2864/A,1929,"0.1263/5,502",83/83,N,,2.5,10/20/16,CCR
PI1067869,U,SFR/D,266,Pier   ,PSMO,PSMO,,"$2,400 ",$2.06 ,"2/1,0,0,0",1166/A,1931,"0.0918/3,999",154/154,Y,,2,9/12/16,CCR
SP1072717,U,/A,941,Humbert AV  ,SLO,SLO,,"$519,900 ",$310.39 ,"3/2,0,1,0",1675/S,2016,0,17/17,Y,,2,11/23/16,CCR
SP1057987,U,SFR/D,769,Greystone   ,SLO,SLO,,"$4,200 ",$434.78 ,"3/3,0,1,0",3450/A,1995,"0.253/10,999",482/482,Y,,2.5,2/5/16,CCR
PI1070337,P,CONDO/A,171,Brisco RD   #24,ARRG,ARRG,,"$225,000 ",$328.95 ,"2/1,0,0,0",684/SEE,1977,0.016/697,70/70,Y,,2.5,11/2/16,CCR
PI1070237,P,/A,1024,Meadow WY  ,ARRG,ARRG,,"$289,000 ",$402.51 ,"1/0,1,0,0",718/A,1984,"0.0344/1,498",58/58,Y,,2.5,10/17/16,CCR
PI1072802,P,/A,398,Tiger Tail DR  ,ARRG,ARRG,,"$349,000 ",$422.01 ,"2/1,0,0,0",827/A,1975,"0.1003/4,369",1-Jan,Y,,3,11/11/16,CCR
PI1069131,P,/A,1154,Clevenger DR  ,ARRG,ARRG,,"$369,000 ",$281.25 ,"2/1,0,2,0",1312/A,1979,"0.0344/1,498",89/89,Y,,2.5,10/26/16,CCR
PI1072822,P,/A,1167,Ash ST   #B,ARRG,ARRG,,"$389,700 ",$277.37 ,"3/2,0,1,0",1405/A,1983,"0.0323/1,407",8-Aug,Y,Y,2.5,11/18/16,CCR
PI1070043,P,SFR/A,316,Tiger Tail   ,ARRG,ARRG,,"$395,000 ",$363.05 ,"2/2,0,0,0",1088/A,1976,"0.1664/7,248",77/77,Y,,2.5,11/5/16,CCR
PI1069551,P,SFR/D,993,Sycamore DR  ,ARRG,ARRG,SPAY,"$399,900 ",$214.08 ,"3/1,2,0,0",1868/A,1963,"0.2406/10,481",87/87,Y,,2.5,10/20/16,CCR
PI1070329,P,SFR/A,1182,Pacific Pointe WY  ,ARRG,ARRG,,"$410,000 ",$309.20 ,"3/2,0,0,0",1326/A,1989,"0.0918/3,999",84/84,N,,2,11/11/16,CCR
PI1071804,P,SFR/D,713,Cornwall AV  ,ARRG,ARRG,,"$469,000 ",$407.12 ,"2/2,0,0,0",1152/A,2008,"0.0717/3,123",15/15,Y,,2.5,10/25/16,CCR
PI1072328,P,SFR/D,860,Pearl DR  ,ARRG,ARRG,,"$474,500 ",$432.15 ,"3/2,0,0,0",1098/A,1962,"0.1366/5,950",7-Jul,Y,,2.25,10/31/16,CCR
SC1071991,P,SFR/D,1031,Farroll   ,ARRG,ARRG,,"$479,000 ",$273.25 ,"3/1,1,0,0",1753/S,1963,"0.15/6,534",16/16,Y,,2.5,10/26/16,CCR
PI1069057,P,SFR/D,1177,Ash ST  ,ARRG,ARRG,,"$485,000 ",$310.90 ,"4/2,0,0,0",1560/A,1949,"0.1669/7,270",63/63,Y,,2.5,11/8/16,CCR
PI1071152,P,SFR/D,1026,Sunset DR  ,ARRG,ARRG,,"$499,000 ",$349.44 ,"3/1,1,0,0",1428/A,1930,"0.2032/8,851",9-Sep,N,,2.5,9/23/16,CCR
SP1072710,P,SFR/D,376,Alder   ,ARRG,ARRG,,"$499,000 ",$344.85 ,"3/1,1,0,0",1447/A,1971,"0.1309/5,702",5-May,Y,,2.5,11/14/16,CCR
SC1072791,P,SFR/A,1610,Pomeroy   ,ARRG,ARRG,,"$499,995 ",$279.48 ,"2/2,0,0,0",1789/A,2013,"2.84/123,710",3-Mar,Y,,3,11/11/16,CCR
PI1070303,P,SFR/D,925,Sycamore CT  ,ARRG,ARRG,,"$519,000 ",$325.19 ,"5/2,0,0,0",1596/A,1964,"0.2109/9,187",63/63,Y,,2.5,10/19/16,CCR
PI1072933,P,SFR/D,306,Hondonada RD  ,ARRG,ARRG,,"$519,000 ",$297.25 ,"2/1,1,0,0",1746/AP,0,"4.7362/206,309",12-Dec,Y,,2.5,11/26/16,CCR
PI1070382,P,SFR/A,185,Brisco RD   #M,ARRG,ARRG,,"$525,000 ",$223.79 ,"4/3,0,0,0",2346/A,2008,"0.1129/4,918",89/254,Y,,2.5,11/16/16,CCR
PI1069438,P,/D,222,Oakwood CT  ,ARRG,ARRG,,"$549,900 ",$321.20 ,"3/2,0,0,0",1712/A,1990,"0.0927/4,038",112/112,Y,,2.25,11/14/16,CCR
PI1069595,P,SFR/D,222,Oakwood CT  ,ARRG,ARRG,,"$549,900 ",$321.20 ,"3/2,0,0,0",1712/A,1990,"0.0927/4,038",112/112,Y,,2.25,11/14/16,CCR
PI1061677,P,SFR/A,181,Eastman ST  ,ARRG,ARRG,"FOR,SPAY","$554,500 ",$450.45 ,"2/2,0,0,0",1231/A,1974,"0.987/42,976",97/97,Y,,2.500*,3/17/16,CCR
PI1072274,P,SFR/D,658,Woodland CT  ,ARRG,ARRG,,"$589,000 ",$364.71 ,"3/1,1,0,0",1615/A,1976,"0.1972/8,590",37/37,N,,2.25,11/26/16,CCR
SP1069623,P,SFR/D,487,Dixson ST  ,ARRG,ARRG,,"$599,900 ",$317.24 ,"3/2,0,1,0",1891/S,2006,"0.1749/7,620",80/80,Y,,3,10/21/16,CCR
SP1072590,P,SFR/D,885,Olive ST  ,ARRG,ARRG,,"$599,900 ",$315.74 ,"3/1,1,1,0",1900/B,1954,"0.2503/10,904",7-Jul,Y,,2.5,11/7/16,CCR
PI1070288,P,SFR/D,523,Morning Rise LN  ,ARRG,ARRG,,"$620,000 ",$378.74 ,"3/2,0,0,0",1637/A,1997,"0.121/5,279",22/22,Y,,2,9/7/16,CCR
SC1067722,P,SFR/D,624,Paseo ST  ,ARRG,ARRG,,"$669,000 ",$326.02 ,"3/2,0,1,0",2052/A,2002,"0.2082/9,069",133/133,Y,,2,10/19/16,CCR
PI1072050,P,SFR/D,541,Cameo WY  ,ARRG,ARRG,,"$669,000 ",$389.18 ,"3/2,0,0,0",1719/A,1990,"0.9/39,204",14/14,Y,,2.5,10/25/16,CCR
PI1072043,P,SFR/D,463,Dixson   ,ARRG,ARRG,,"$679,000 ",$294.45 ,"4/2,1,0,0",2306/A,2006,"0.1462/6,368",7-Jul,Y,,3,10/20/16,CCR
PI1069491,P,SFR/D,372,Puesta Del Sol   ,ARRG,ARRG,,"$699,900 ",$363.40 ,"3/2,0,0,0",1926/AP,1999,"0.1559/6,791",119/119,Y,,2.5,11/21/16,CCR
SP1072233,P,SFR/D,1101,Shannon   ,ARRG,ARRG,,"$739,000 ",$439.36 ,"4/2,0,1,0",1682/A,1963,"0.86/37,462",10-Oct,Y,,2.5,10/29/16,CCR
PI1072562,P,SFR/D,2020,Laguna Negra LN  ,ARRG,ARRG,,"$769,000 ",$248.71 ,"5/6,0,0,0",3092/SEE,2003,"2.88/125,453",11-Nov,Y,,2.5,11/10/16,CCR
PI1072253,P,SFR/D,680,Golden Grove PL  ,ARRG,ARRG,,"$819,000 ",$316.95 ,"4/3,0,0,0",2584/A,2002,"0.71/30,928",23/192,Y,,2.5,11/11/16,CCR
PI1071585,P,SFR/D,2279,Tattler ST  ,ARRG,ARRG,,"$840,000 ",$344.97 ,"3/2,1,0,0",2435/A,2002,"0.2529/11,016",47/47,Y,,2.5,11/12/16,CCR
PI1071788,P,SFR/D,2270,Callender RD  ,ARRG,ARRG,,"$844,500 ",$274.19 ,"4/1,2,0,0",3080/A,1961,"2.5/108,900",39/39,Y,,2.5,11/11/16,CCR
SC1071975,P,SFR/D,3260,El Rancho   ,ARRG,ARRG,,"$860,000 ",$289.08 ,"3/2,0,0,0",2975/A,1965,"5/217,800",17/17,Y,Y,2,10/27/16,CCR
PI1068788,P,SFR/D,459,Stanton ST  ,ARRG,ARRG,,"$1,100,000 ",$478.26 ,"3/2,0,0,0",2300/B,2003,"9.54/415,562",128/128,Y,,2.5,11/18/16,CCR
PI1071068,P,SFR/A,1606,Tiffany Ranch   ,ARRG,ARRG,,"$1,100,000 ",$502.97 ,"3/2,0,0,0",2187/A,1980,"10/435,600",7-Jul,Y,,2.5,9/20/16,CCR
SP1071818,P,SFR/D,669,Rosemary CT  ,ARRG,ARRG,,"$1,275,000 ",$394.25 ,"4/3,0,1,0",3234/S,2008,"0.4053/17,655",45/45,Y,,2.5,11/18/16,CCR
PI1072763,P,SFR/D,1364,Paseo Ladera   ,ARRG,ARRG,,"$1,325,000 ",$448.54 ,"3/3,0,0,0",2954/A,1999,"3.23/140,699",15/15,Y,,2.5,11/22/16,CCR
PI1071740,P,SFR/D,680,Meadow Oak DR  ,ARRG,ARRG,,"$1,799,000 ",$452.92 ,"5/4,0,1,0",3972/A,2002,"4.56/198,634",55/287,Y,Y,2,11/26/16,CCR
PI1070026,P,SFR/D,3935,Camino San Gabriel   ,ARRG,ARRG,,"$1,849,000 ",$436.60 ,"4/2,3,1,0",4235/S,0,"2.26/98,446",80/80,Y,,2,10/29/16,CCR
SC1071263,P,CONDO/D,513 N,Ferrocarril RD   #7,ATSC,ATSC,SPAY,"$189,000 ",$252.00 ,"2/1,0,0,0",750/A,2005,0.0172/749,64/64,Y,,3,11/18/16,CCR
SC1064567,P,CONDO/A,624 N,Ferrocarril RD   #57,ATSC,ATSC,,"$199,000 ",$265.33 ,"2/1,0,0,0",750/A,2005,0.02/871,244/244,Y,,2.5,11/14/16,CCR
PI1071768,P,CONDO/A,7478,Santa Ysabel AV   #C,ATSC,ATSC,,"$205,000 ",$238.93 ,"2/1,0,0,0",858/A,1987,0.0197/858,7-Jul,Y,,3,10/10/16,CCR
PI1071329,P,SFR/D,6345,Marchant AV  ,ATSC,ATSC,,"$309,900 ",$379.78 ,"1/1,0,0,0",816/A,2001,"0.184/8,015",47/47,N,,2,10/18/16,CCR
SP1069607,P,SFR/D,7935,Portola RD  ,ATSC,ATSC,,"$377,900 ",$376.39 ,"2/2,0,0,0",1004/A,1954,"0.3037/13,229",76/76,Y,,3,10/25/16,CCR
SP1070196,P,SFR/D,6557,Atascadero AV  ,ATSC,ATSC,,"$379,900 ",$359.75 ,"2/2,0,0,0",1056/A,2003,"0.1321/5,754",13/13,Y,,2.5,11/22/16,CCR
SP1072924,P,SFR/D,6200,Buena AV  ,ATSC,ATSC,,"$399,000 ",$285.00 ,"3/2,0,0,0",1400/S,1972,"0.2734/11,909",6-Jun,Y,,2.5,11/22/16,CCR
SP1071758,P,SFR/D,9065,Coromar CT  ,ATSC,ATSC,,"$424,900 ",$274.48 ,"3/2,0,1,0",1548/A,2014,"0.1231/5,362",50/50,Y,,2,11/22/16,CCR
SC1070584,P,SFR/A,5437,Via Viento   ,ATSC,ATSC,,"$439,000 ",$324.94 ,"3/2,0,0,0",1351/A,2004,"0.1958/8,529",55/55,Y,,2.5,10/28/16,CCR
SP1068214,P,CONDO/A,9356,Riberena CR  ,ATSC,ATSC,,"$446,900 ",$215.89 ,"4/3,0,0,0",2070/S,2016,0,112/112,Y,,3*,11/23/16,CCR
SP1071724,P,SFR/A,5424,Via Ranchitos   ,ATSC,ATSC,,"$449,900 ",$325.31 ,"3/2,0,0,0",1383/A,2004,"0.1921/8,368",14/14,Y,,2.5,10/15/16,CCR
PI1072281,P,/D,9167,Casero CT  ,ATSC,ATSC,,"$469,900 ",$208.75 ,"4/2,1,0,0",2251/A,2013,"0.0719/3,132",6-Jun,Y,,2,10/26/16,CCR
AT1057220,P,SFR/D,5275,El Verano RD  ,ATSC,ATSC,,"$525,000 ",$203.02 ,"3/1,1,1,0",2586/S,1924,"0.551/24,002",467/467,Y,Y,2.5,11/3/16,CCR
SP1071529,P,SFR/D,6115,Via Huerto CT  ,ATSC,ATSC,,"$549,900 ",$239.61 ,"4/2,0,0,0",2295/A,2006,"0.1894/8,250",46/46,Y,,2.5,11/19/16,CCR
PI1072958,P,SFR/D,7777,Del Rio RD  ,ATSC,ATSC,,"$555,000 ",$291.80 ,"3/2,0,1,0",1902/A,1974,"1.75/76,230",Aug-40,Y,,2.5,11/23/16,CCR
SC1071702,P,SFR/D,7710,Valle AV  ,ATSC,ATSC,,"$560,000 ",$315.32 ,"3/2,0,0,0",1776/A,2002,"0.49/21,344",26/26,Y,,2.5,10/26/16,CCR
PR1069890,P,SFR/D,10260,San Marcos RD  ,ATSC,ATSC,,"$600,000 ",$255.32 ,"3/2,1,0,0",2350/SEE,1986,"2.8473/124,028",104/104,Y,,2.5,11/17/16,CCR
PR1068408,P,SFR/A,14175,Morro RD  ,ATSC,ATSC,,"$625,000 ",$397.08 ,"3/2,0,0,0",1574/A,1955,"11.77/512,701",138/138,Y,,2.5,11/8/16,CCR
PI1071021,P,SFR/D,11345,Atascadero AV  ,ATSC,ATSC,,"$699,900 ",$181.93 ,"4/4,0,0,0",3847/A,1985,"3.04/132,422",62/62,Y,,3,11/10/16,CCR
PR1064565,P,SFR/D,9500,Balboa RD  ,ATSC,ATSC,,"$700,000 ",$247.61 ,"4/2,1,0,0",2827/A,1997,"2.94/128,066",204/204,Y,Y,2.5,10/10/16,CCR
PR1071178,P,SFR/D,9414,Santa Clara RD  ,ATSC,ATSC,,"$710,000 ",$257.81 ,"4/2,0,1,0",2754/A,2006,"2.05/89,298",46/46,Y,,2.5,10/30/16,CCR
PR1065864,P,SFR/A,3380,Templeton RD  ,ATSC,ATSC,,"$749,000 ",$356.67 ,"3/1,1,1,0",2100/S,1979,"9.8/426,875",140/140,Y,,2.5,9/9/16,CCR
SP1069757,P,SFR/D,3074,Cielo Grande CT  ,ATSC,ATSC,,"$775,000 ",$248.40 ,"5/3,0,1,0",3120/A,2001,"0.97/42,253",57/57,Y,Y,2.5,10/16/16,CCR
PR1071566,P,SFR/D,14870,El Camino Real   ,ATSC,ATSC,,"$785,000 ",$338.51 ,"3/2,0,0,0",2319/A,1989,"1.5/65,340",43/43,Y,,2.5,11/12/16,CCR
PR1064423,P,SFR/D,9225,Rocky Canyon RD  ,ATSC,ATSC,,"$899,000 ",$474.16 ,"3/1,1,0,0",1896,1972,"13.75/598,950",192/192,Y,,2.5,9/18/16,CCR
SP1072625,P,/A,1925,Songbird ST  ,AVIL,AVIL,,"$619,000 ",$394.02 ,"3/2,0,1,0",1571/SEE,2000,"0.085/3,703",1-Jan,Y,,2.5,11/3/16,CCR
SP1070021,P,CONDO/A,6447,Fiddleneck LN  ,AVIL,AVIL,,"$689,500 ",$493.20 ,"2/2,0,1,0",1398/A,1987,"0.0321/1,398",48/48,Y,,2.5,9/26/16,CCR
PI1070713,P,SFR/D,192,Country Club DR  ,AVIL,AVIL,,"$850,000 ",$428.43 ,"3/2,0,0,0",1984/SEE,2010,"0.1837/8,000",38/38,Y,,2.5,10/4/16,CCR
SP1058988,P,SFR/A,149,San Antonia ST  ,AVIL,AVIL,,"$1,999,000 ","$1,073.58 ","3/1,1,1,0",1862/B,0,"0.0459/2,000",227/227,Y,,2,10/28/16,CCR
PI1069861,P,CONDO/A,150,Branch    #253,PSMO,PSMO,,"$275,000 ",$300.55 ,"2/2,0,0,0",915/SEE,2016,0,34/34,Y,,3,10/11/16,CCR
PI1067367,P,CONDO/A,330,Foothill   ,PSMO,PSMO,,"$429,900 ",$522.99 ,"1/1,0,0,0",822/A,1989,0.0189/823,99/99,Y,,2,10/19/16,CCR
PI1072041,P,SFR/A,780,Panorama DR  ,PSMO,PSMO,,"$499,900 ",$412.46 ,"2/2,0,0,0",1212/A,1985,"0.0799/3,480",32/32,Y,,2.25,11/14/16,CCR
PR1068129,P,CONDO/A,691,Price ST   #209,PSMO,PSMO,,"$569,000 ",$643.67 ,"2/2,0,0,0",884/A,2001,"0.0293/1,276",141/196,Y,,2.5,11/4/16,CCR
PI1067461,P,SFR/D,450,Ocean View AV  ,PSMO,PSMO,,"$574,900 ",$321.89 ,"3/3,0,0,0",1786/A,2007,"0.057/2,500",98/98,Y,,2.5,6/6/16,CCR
PI1069034,P,SFR/D,371,Stimson   ,PSMO,PSMO,,"$579,000 ",$454.12 ,"2/1,0,1,0",1275/S,1950,"0.0608/2,650",86/86,Y,,2.5,10/7/16,CCR
PI1069071,P,SFR/D,133,Village CR  ,PSMO,PSMO,,"$625,000 ",$373.80 ,"4/2,0,1,0",1672/B,2015,"0.0752/3,276",121/121,Y,,2.25,11/12/16,CCR
PI1072598,P,CONDO/A,1896,Costa Brava   ,PSMO,PSMO,,"$689,000 ",$459.64 ,"3/2,0,1,0",1499/A,2004,"0.0678/2,953",21/21,Y,,2.5,11/22/16,CCR
PI1071810,P,SFR/D,200,Surf   ,PSMO,PSMO,,"$699,000 ",$446.65 ,"3/2,0,0,0",1565/A,1984,"0.1561/6,800",45/45,Y,,2,11/20/16,CCR
PI1072621,P,SFR/D,129,Palisade AV  ,PSMO,PSMO,,"$719,900 ",$642.77 ,"3/1,1,0,0",1120/S,1959,"0.0922/4,016",7-Jul,Y,,2.5,11/10/16,CCR
PI1070497,P,CONDO/D,111,Morro AV  ,PSMO,PSMO,,"$729,000 ",$562.93 ,"3/2,0,0,0",1295/A,2006,0.0173/754,73/73,Y,,2.5,11/4/16,CCR
SC1071533,P,SFR/A,170,Boeker AV  ,PSMO,PSMO,,"$735,000 ",$469.95 ,"3/2,0,1,0",1564/A,1988,"0.0379/1,651",51/51,Y,,3,11/18/16,CCR
SC1071536,P,CONDO/A,375,San Luis   ,PSMO,PSMO,,"$779,000 ",$560.84 ,"2/2,0,1,0",1389/A,2011,0.0163/710,47/597,Y,,2,11/11/16,CCR
PI1072518,P,SFR/D,878,Dugan DR  ,PSMO,PSMO,,"$779,000 ",$299.96 ,"4/2,1,0,0",2597/A,1988,"0.1768/7,701",16/16,Y,,2,11/14/16,CCR
PI1071545,P,CONDO/A,381,San Luis ST  ,PSMO,PSMO,,"$789,000 ",$557.99 ,"2/2,0,1,0",1414/A,2011,0.0135/588,51/601,Y,,2.5,11/16/16,CCR
SP1069641,P,CONDO/A,371,San Luis AV   #1,PSMO,PSMO,,"$899,000 ",$582.63 ,"2/2,0,1,0",1543/A,2011,0.0168/732,100/100,Y,,2.5,11/10/16,CCR
PI1070595,P,/D,280,Stimson   ,PSMO,PSMO,,"$920,000 ",$601.31 ,"3/3,0,1,0",1530/SEE,0,0.018/767,7-Jul,Y,,2.000*,9/2/16,CCR
PI1070600,P,/D,493,Dolliver   ,PSMO,PSMO,,"$930,000 ",$578.72 ,"3/3,0,1,0",1607/SEE,0,0.018/767,0/0,Y,,2.000*,8/26/16,CCR
PI1071065,P,CONDO/A,150,Park AV  ,PSMO,PSMO,,"$975,000 ",$696.43 ,"2/2,0,0,0",1400/A,2003,"0.0321/1,398",25/25,Y,,2.5,10/7/16,CCR
PI1070597,P,/D,290,Stimson   ,PSMO,PSMO,,"$980,000 ",$609.83 ,"3/3,0,1,0",1607/SEE,0,0.018/767,0/0,Y,,2.000*,8/26/16,CCR
PI1070990,P,SFR/D,94,Coral CR  ,PSMO,PSMO,,"$1,049,000 ",$392.59 ,"3/3,0,1,0",2672/A,1999,"0.1542/6,717",31/31,Y,,2,10/9/16,CCR
SP1068827,P,SFR/D,351,Wilmar AV  ,PSMO,PSMO,,"$1,050,000 ",$550.89 ,"2/2,0,0,0",1906/A,1955,"0.0947/4,125",94/94,Y,,2.5,10/16/16,CCR
SP1072251,P,SFR/A,217,Cima De Colina   ,PSMO,PSMO,,"$1,150,000 ",$459.63 ,"3/2,0,1,0",2502/A,2013,"0.164/7,144",3-Mar,Y,,2.5,10/23/16,CCR
SP1068211,P,SFR/A,1981,Costa Brava   ,PSMO,PSMO,,"$1,275,000 ",$381.05 ,"4/3,0,1,0",3346/A,1997,"0.15/6,534",118/118,Y,,2.25,10/19/16,CCR
PI1072223,P,SFR/D,126,Florin   ,PSMO,PSMO,,"$1,425,000 ",$695.12 ,"3/1,1,0,0",2050/A,1993,"0.1835/7,993",3-Mar,Y,,2,10/22/16,CCR
PI1066499,P,SFR/D,980,Ocean   ,PSMO,PSMO,,"$1,495,000 ",$946.20 ,"3/1,1,0,0",1580/S,1933,"0.1386/6,037",133/133,Y,,2,11/23/16,CCR
PI1070180,P,SFR/D,325,Palisade AV  ,PSMO,PSMO,,"$1,875,000 ",$976.05 ,"3/3,0,0,0",1921/A,1992,"0.0582/2,535",71/71,Y,,2.5,10/24/16,CCR
PI1071834,P,SFR/D,154 N,Silver Shoals   ,PSMO,PSMO,FOR,"$2,500,000 ",$995.22 ,"3/1,2,0,0",2512/A,1991,"0.178/7,754",26/26,Y,,2,10/31/16,CCR
SP1072696,P,CONDO/A,1023,Southwood DR   #B,SLO,SLO,,"$286,000 ",$408.57 ,"1/1,0,0,0",700/A,1987,0.0161/701,14/105,Y,Y,2.5,11/18/16,CCR
SP1071123,P,CONDO/A,1033,Southwood DR   #C,SLO,SLO,,"$309,900 ",$347.42 ,"2/1,0,0,0",892/A,1987,0.0205/893,46/46,Y,,2.5,11/1/16,CCR
SP1067656,P,CONDO/A,1035,Southwood DR   #D,SLO,SLO,,"$312,900 ",$323.91 ,"2/2,0,0,0",966/A,1987,0.0222/967,131/131,Y,,2.5,10/16/16,CCR
SP1071122,P,CONDO/A,1021,Southwood DR   #F,SLO,SLO,,"$312,900 ",$350.78 ,"2/1,0,0,0",892/A,1987,0.0205/893,46/46,Y,,2.5,11/1/16,CCR
SP1072646,P,CONDO/A,968,Tarragon    #1505,SLO,SLO,,"$395,000 ",$290.87 ,"2/2,0,0,0",1358/A,2010,"0.0312/1,359",5-May,Y,,2.5,11/8/16,CCR
SP1071850,P,CONDO/A,964,Tarragon    #1503,SLO,SLO,,"$414,900 ",$292.80 ,"2/2,0,1,0",1417/A,2010,"0.0325/1,416",64/64,Y,,2.5,11/19/16,CCR
SP1071929,P,CONDO/D,20,Villa CT  ,SLO,SLO,,"$420,000 ",$419.16 ,"2/2,0,0,0",1002/A,1974,"0.023/1,002",40/40,Y,,3,11/19/16,CCR
SP1072721,P,/A,945,Humbert AV  ,SLO,SLO,,"$435,000 ",$350.81 ,"2/2,0,1,0",1240/SEE,2016,0,11-Nov,Y,,2,11/22/16,CCR
SP1065738,P,CONDO/A,2250,King CT   #77,SLO,SLO,,"$439,000 ",$349.52 ,"2/1,0,1,0",1256/A,1980,"0.0288/1,255",172/172,Y,,3,10/2/16,CCR
SP1068726,P,CONDO/A,1106,Oceanaire ST   #24,SLO,SLO,,"$440,000 ",$283.87 ,"2/2,0,1,0",1550/A,1982,"0.0356/1,551",139/139,Y,,2,11/21/16,CCR
PI1065494,P,CONDO/A,3274,Wintergreen   ,SLO,SLO,,"$469,863 ",$360.05 ,"2/2,0,1,0",1305/S,0,0.012/536,8-Aug,Y,,2.500*,4/16/16,CCR
SC1071561,P,/A,3251,Via Ensenada   ,SLO,SLO,,"$474,000 ",$341.25 ,"2/2,0,1,0",1389/A,1987,"0.0459/1,999",8-Aug,N,Y,2.5,10/7/16,CCR
SP1070656,P,/A,929,Humbert AV  ,SLO,SLO,,"$475,000 ",$335.93 ,"3/2,0,1,0",1414/SEE,0,0,20/20,Y,,2,9/27/16,CCR
PI1065574,P,CONDO/A,3276,Wintergreen   ,SLO,SLO,,"$475,594 ",$364.44 ,"2/2,0,1,0",1305/S,0,0.012/536,3-Mar,Y,,2.500*,4/9/16,CCR
SP1069915,P,CONDO/A,1106,Oceanaire DR   #42,SLO,SLO,,"$489,000 ",$276.58 ,"3/2,0,1,0",1768/A,1982,"0.0406/1,769",83/83,Y,,2.5,10/27/16,CCR
SP1072724,P,/A,953,Humbert AV  ,SLO,SLO,,"$499,000 ",$334.90 ,"3/2,0,1,0",1490/SEE,2016,0,7-Jul,Y,,2,11/18/16,CCR
SP1072723,P,/A,951,Humbert AV  ,SLO,SLO,,"$514,900 ",$307.40 ,"3/2,0,1,0",1675/SEE,2016,0,12-Dec,Y,,2,11/23/16,CCR
PI1065573,P,CONDO/A,873,Coriander   ,SLO,SLO,,"$524,357 ",$417.48 ,"1/2,0,1,0",1256/S,0,"0.0243/1,057",2-Feb,Y,,2.5,4/9/16,CCR
SP1069726,P,CONDO/D,1212,Southwood DR  ,SLO,SLO,,"$529,000 ",$296.69 ,"2/2,0,0,0",1783/A,2008,"0.0351/1,529",72/72,Y,,2.75,11/23/16,CCR
SP1072238,P,CONDO/A,880,Alyssum CT  ,SLO,SLO,,"$529,000 ",$490.72 ,"2/1,1,0,0",1078/A,1986,"0.0247/1,076",6-Jun,Y,,2.5,10/26/16,CCR
SP1070006,P,CONDO/A,1277,Chaparral   ,SLO,SLO,,"$539,000 ",$350.91 ,"2/2,0,1,0",1536/A,1995,"0.0408/1,777",84/84,Y,Y,2.5,10/31/16,CCR
SP1069452,P,SFR/D,1486,Gulf   ,SLO,SLO,,"$555,000 ",$400.72 ,"4/2,0,0,0",1385/A,1963,"0.124/5,401",105/105,Y,,2.5,11/16/16,CCR
SP1072946,P,SFR/D,3072,Rockview PL  ,SLO,SLO,,"$570,000 ",$436.78 ,"2/1,1,1,0",1305/SEE,0,"0.0782/3,407",12-Dec,Y,,2,11/27/16,CCR
SP1072945,P,SFR/D,3098,Rockview PL  ,SLO,SLO,,"$575,000 ",$440.61 ,"2/1,1,1,0",1305/SEE,0,"0.0827/3,602",97/97,Y,,2,10/6/16,CCR
PI1067146,P,CONDO/A,862,Coriander LN  ,SLO,SLO,,"$575,504 ",$313.80 ,"2/3,0,1,0",1834/S,0,0.017/752,1-Jan,Y,,2.500*,5/20/16,CCR
SP1072948,P,SFR/D,3070,Rockview PL  ,SLO,SLO,,"$577,500 ",$416.97 ,"2/1,1,1,0",1385/SEE,0,"0.0906/3,945",109/109,Y,,2,10/18/16,CCR
PI1065694,P,CONDO/A,869,Coriander LN  ,SLO,SLO,,"$577,587 ",$309.70 ,"2/3,0,1,0",1865/S,0,0.017/753,2-Feb,Y,,2.500*,4/12/16,CCR
PI1067150,P,CONDO/A,866,Coriander LN  ,SLO,SLO,,"$581,641 ",$311.87 ,"2/3,0,1,0",1865/S,0,0.0173/753,1-Jan,Y,,2.500*,5/20/16,CCR
PI1067143,P,CONDO/A,880,Coriander LN  ,SLO,SLO,,"$583,016 ",$317.89 ,"3/3,0,1,0",1834/S,0,0.017/752,1-Jan,Y,,2.500*,5/20/16,CCR
PI1067587,P,CONDO/A,876,Coriander LN  ,SLO,SLO,,"$584,474 ",$313.39 ,"3/3,0,1,0",1865/S,0,0.017/753,5-May,Y,,2.500*,6/1/16,CCR
PI1065591,P,CONDO/A,863,Coriander LN  ,SLO,SLO,,"$586,631 ",$319.86 ,"3/3,0,1,0",1834/S,0,0.017/752,2-Feb,Y,,2.500*,4/10/16,CCR
SP1068629,P,SFR/D,3082,Rockview PL  ,SLO,SLO,,"$587,500 ",$424.19 ,"2/1,1,1,0",1385/SEE,0,"0.0789/3,438",107/107,Y,,2,10/16/16,CCR
SP1072112,P,SFR/D,1385,Diablo DR  ,SLO,SLO,,"$590,000 ",$389.95 ,"3/2,0,0,0",1513/SEE,1983,"0.1559/6,790",18/18,Y,,3,11/1/16,CCR
PI1065798,P,CONDO/A,867,Coriander   ,SLO,SLO,,"$598,900 ",$278.56 ,"4/3,0,1,0",2150/S,0,0.019/840,1-Jan,Y,,2.500*,4/15/16,CCR
PI1071924,P,SFR/A,122,Ramona DR  ,SLO,SLO,,"$599,000 ",$455.51 ,"4/2,0,0,0",1315/A,1953,"0.1446/6,299",11-Nov,Y,,2.5,11/21/16,CCR
PI1067112,P,CONDO/A,868,Coriander   ,SLO,SLO,,"$607,833 ",$282.71 ,"4/3,0,1,0",2150/S,0,0.019/840,17/17,Y,,2.500*,6/3/16,CCR
PI1067620,P,CONDO/A,872,Coriander   ,SLO,SLO,,"$612,359 ",$284.82 ,"4/3,0,1,0",2150/S,0,0.019/840,3-Mar,Y,,2.500*,6/3/16,CCR
SC1072633,P,SFR/D,134,Ramona DR  ,SLO,SLO,,"$624,900 ",$600.87 ,"3/1,0,0,0",1040/A,1953,"0.1446/6,299",6-Jun,Y,,2.5,11/9/16,CCR
SP1066683,P,SFR/D,1195,Oceanaire DR  ,SLO,SLO,,"$645,000 ",$364.41 ,"3/2,0,0,0",1770/A,1977,"0.1607/7,000",128/128,Y,,2.5,9/16/16,CCR
SP1072175,P,SFR/D,229,Branch   ,SLO,SLO,,"$649,000 ",$530.66 ,"3/2,0,0,0",1223/A,1925,"0.0939/4,090",9-Sep,Y,,2.25,10/27/16,CCR
PI1072917,P,SFR/D,464,Corrida DR  ,SLO,SLO,,"$649,000 ",$389.79 ,"3/2,1,0,0",1665,1979,"0.1617/7,044",3-Mar,N,,2.5,11/17/16,CCR
SP1071157,P,SFR/A,2588,Lawton AV  ,SLO,SLO,,"$658,000 ",$425.34 ,"3/2,0,0,0",1547/AP,1994,"0.2204/9,601",52/52,Y,,2.5,11/23/16,CCR
SP1072184,P,SFR/D,1383,Fairway DR  ,SLO,SLO,,"$687,000 ",$414.60 ,"4/2,0,0,0",1657/A,1970,"0.163/7,100",8-Aug,Y,,2.5,10/28/16,CCR
SP1070621,P,SFR/A,3978,Sunrose   ,SLO,SLO,,"$699,000 ",$390.28 ,"3/2,0,0,0",1791/A,1990,"0.1/4,356",83/83,Y,,2.5,11/21/16,CCR
PI1067841,P,SFR/D,3190,Violet ST   #15104,SLO,SLO,,"$713,346 ",$343.12 ,"4/3,0,0,0",2079/S,0,"0.176/7,657",3-Mar,Y,,14266.000*,6/10/16,CCR
PI1071207,P,SFR/D,371,Junipero WY  ,SLO,SLO,,"$715,000 ",$363.87 ,"3/3,0,0,0",1965/S,2014,"0.1148/5,001",11-Nov,Y,,2.5,9/27/16,CCR
PI1064509,P,SFR/D,3176,Violet ST   #15106,SLO,SLO,,"$715,846 ",$409.52 ,"4/3,0,0,0",1748/S,0,"0.208/9,071",20/20,Y,,14316.000*,4/13/16,CCR
SP1071605,P,SFR/D,433,Junipero WY  ,SLO,SLO,,"$719,000 ",$365.90 ,"3/3,0,0,0",1965/SEE,2016,"0.1148/5,000",37/37,Y,,2*,11/14/16,CCR
SP1069975,P,SFR/D,3,La Entrada AV  ,SLO,SLO,,"$739,000 ",$329.32 ,"4/2,1,0,0",2244/A,1940,"0.1687/7,349",75/75,Y,,3,11/4/16,CCR
SP1071432,P,SFR/D,1443,Iris   ,SLO,SLO,,"$739,000 ",$595.97 ,"2/1,0,0,0",1240/A,1937,"0.1722/7,501",32/32,Y,,2.5,11/13/16,CCR
SP1072030,P,SFR/A,661,Funston ST  ,SLO,SLO,,"$740,000 ",$419.98 ,"4/1,2,0,0",1762/AP,0,"0.1998/8,703",9-Sep,N,,2.5,10/23/16,CCR
PI1064513,P,SFR/D,3217,Violet ST   #15111,SLO,SLO,,"$764,227 ",$325.76 ,"4/2,0,1,0",2346/S,0,"0.14/6,077",12-Dec,Y,,15284.000*,3/24/16,CCR
SP1072658,P,SFR/D,1363,Oakwood CT  ,SLO,SLO,,"$769,000 ",$466.63 ,"4/1,2,0,0",1648/S,1959,"0.2833/12,341",4-Apr,Y,,2,11/11/16,CCR
SC1070063,P,SFR/D,543,Bluerock DR  ,SLO,SLO,,"$779,000 ",$368.32 ,"4/3,0,0,0",2115/A,1989,"0.1033/4,500",48/48,Y,,2.5,10/2/16,CCR
SP1072099,P,SFR/D,551,Stoneridge DR  ,SLO,SLO,,"$779,000 ",$330.79 ,"3/2,0,1,0",2355/A,1988,"0.1033/4,500",10-Oct,Y,,2.5,10/26/16,CCR
SP1071398,P,SFR/D,1001,Goldenrod LN  ,SLO,SLO,,"$799,000 ",$367.69 ,"3/2,0,0,0",2173/A,1998,"0.1516/6,604",1-Jan,Y,,2.5,9/23/16,CCR
PI1064511,P,SFR/D,3184,Violet ST   #15105,SLO,SLO,,"$816,977 ",$320.89 ,"5/3,0,0,0",2546/S,0,"0.181/7,865",10-Oct,Y,,16339.000*,3/22/16,CCR
SP1072519,P,SFR/D,1328,Sweetbay LN  ,SLO,SLO,,"$817,000 ",$373.91 ,"4/2,0,0,0",2185/A,1999,"0.1607/7,000",22/22,Y,,2.5,11/22/16,CCR
SP1072072,P,SFR/D,547,Dana ST  ,SLO,SLO,,"$899,000 ",$702.34 ,"3/2,0,0,0",1280/A,1927,"0.1618/7,048",8-Aug,Y,,2.5,10/25/16,CCR
SP1072524,P,SFR/D,554,Al-hil DR  ,SLO,SLO,,"$989,000 ",$304.03 ,"4/2,0,1,0",3253/A,1961,"0.2567/11,182",13/13,Y,,2,11/17/16,CCR
SP1072062,P,SFR/D,4650,Davenport Creek RD  ,SLO,SLO,,"$999,000 ",$810.22 ,"3/2,0,0,0",1233/AP,1981,"8.7991/383,289",9-Sep,Y,,2.5,10/22/16,CCR
PI1072841,P,SFR/D,2699,Meadow ST  ,SLO,SLO,,"$1,099,000 ",$401.68 ,"3/2,0,1,0",2736/A,2001,"0.3788/16,501",May-42,Y,,2.5,11/15/16,CCR
SP1070835,P,CONDO/A,1328,Morro ST   #120,SLO,SLO,,"$1,214,700 ",$718.76 ,"3/2,1,0,0",1690/S,0,"0.0388/1,690",2-Feb,Y,,2,9/1/16,CCR
SP1070837,P,CONDO/A,1328,Morro ST   #130,SLO,SLO,,"$1,214,700 ",$718.76 ,"1/2,0,0,0",1690/S,0,"0.0388/1,690",2-Feb,Y,,2,9/1/16,CCR
PI1068229,P,SFR/D,5838,Pebble Beach   ,SLO,SLO,,"$1,275,000 ",$439.66 ,"4/3,0,1,0",2900/AP,1988,"0.22/9,583",131/131,Y,,2.5,11/1/16,CCR
SP1065022,P,SFR/A,2078,Fixlini    #Lot 7,SLO,SLO,,"$1,285,000 ",$422.42 ,"3/2,0,1,0",3042/B,2016,"0.138/6,000",10-Oct,Y,,2.5,4/6/16,CCR
SP1071301,P,SFR/D,5145,Caballeros AV  ,SLO,SLO,,"$1,295,000 ",$461.84 ,"4/3,0,0,0",2804/A,1963,"1.02/44,431",32/32,Y,,2.5,10/27/16,CCR
SP1058955,P,SFR/D,2460,Carpenter Canyon RD  ,SLO,SLO,,"$1,299,000 ",$481.11 ,"6/3,0,0,0",2700/A,1940,"50.1/2,182,356",317/317,Y,,2.5,9/15/16,CCR
PI1069424,P,SFR/D,395,Crestmont DR  ,SLO,SLO,,"$1,350,000 ",$329.27 ,"5/5,0,0,0",4100/SEE,1973,"1.75/76,230",85/85,Y,,2.25,10/17/16,CCR
SC1060929,P,SFR/D,1443,Osos ST  ,SLO,SLO,,"$1,795,000 ",$529.03 ,"4/2,0,1,0",3393/A,1930,"0.253/10,999",246/246,Y,,2.5,7/12/16,CCR
PI1061785,P,SFR/D,1130,Marsh ST  ,SLO,SLO,,"$1,899,000 ",$579.67 ,"3/3,0,2,0",3276/S,0,"0.051/2,200",320/320,Y,,2,4/13/16,CCR
PI1061768,P,SFR/D,1126,Marsh ST  ,SLO,SLO,,"$1,950,000 ",$602.60 ,"3/3,0,2,0",3236/S,0,"0.053/2,328",329/329,Y,,2,4/22/16,CCR
PI1066057,P,SFR/D,1138,Marsh ST  ,SLO,SLO,,"$1,997,600 ",$609.77 ,"3/3,0,2,0",3276/S,0,"0.051/2,200",115/115,Y,,2,8/13/16,CCR
PI1070039,S,SFR/D,1178,Brittany AV  ,ARRG,ARRG,,"$495,000 ",$325.87 ,"3/2,0,1,0",1519/SEE,1999,"0.08/3,498",46/46,Y,,2.5,11/18/16,CCR
PI1071051,S,SFR/D,409,Pecan ST  ,ARRG,ARRG,,"$585,000 ",$417.86 ,"3/1,1,0,0",1400/SEE,0,"0.223/9,714",38/38,Y,,2.25,11/18/16,CCR
SP1070920,S,SFR/D,240 W,Branch ST  ,ARRG,ARRG,,"$647,500 ",$317.87 ,"4/2,0,1,0",2037/SEE,1991,"0.1435/6,251",22/22,Y,,2.5,11/18/16,CCR
SP1069855,S,SFR/D,2235,Kittiwake ST  ,ARRG,ARRG,,"$745,500 ",$288.39 ,"3/2,0,1,0",2585/A,2002,"0.2328/10,141",85/85,Y,,2.5,11/22/16,CCR
IV16185049,S,MANL/D,10506,Cuesta CT  ,ATSC,ATSC,STD,"$297,000 ",$176.79 ,"3/2,0,0,0",1680/A,1978/ASR,"0.14/6,120",64/64,Y,N,2.5,11/18/16,CRMLSM
PR1071166,S,SFR/D,6350,Marchant AV  ,ATSC,ATSC,,"$312,500 ",$252.22 ,"2/1,0,0,0",1239/A,1957,"0.47/20,473",70/70,Y,,2.5,11/23/16,CCR
SP1068584,S,CONDO/A,9364,Riberena CR  ,ATSC,ATSC,,"$380,000 ",$206.75 ,"3/2,0,1,0",1838/S,2016,"0.04/1,760",15/15,Y,,3.000*,11/18/16,CCR
PI1071148,S,SFR/A,5305,Honda AV  ,ATSC,ATSC,,"$385,000 ",$264.42 ,"3/2,0,1,0",1456/A,1988,"0.2026/8,825",21/21,N,,2.25,11/22/16,CCR
SP1066946,S,SFR/D,1178,Galeria CR  ,ATSC,ATSC,,"$408,000 ",$224.67 ,"3/2,0,1,0",1816/S,2014,"0.0918/3,998",148/148,Y,,2.5,11/23/16,CCR
SC1070083,S,SFR/D,13905,Santa Ana RD  ,ATSC,ATSC,,"$594,000 ",$315.79 ,"3/2,0,0,0",1881/A,1993,"6.86/298,822",42/42,Y,,2.25,11/18/16,CCR
AT1062372,S,SFR/D,16900,Norte RD  ,ATSC,ATSC,,"$720,000 ",$225.00 ,"4/0,5,0,0",3200/S,1957,"1.97/85,813",200/200,Y,Y,2.5,11/23/16,CCR
SP1065723,S,SFR/D,2815,Loganberry   ,AVIL,AVIL,,"$1,039,000 ",$478.36 ,"3/2,0,1,0",2172/A,2005,"0.17/7,414",175/175,Y,,2.5,11/18/16,CCR
PI1072033,S,CONDO/A,729,Bello ST   #12,PSMO,PSMO,,"$400,000 ",$475.62 ,"2/0,1,0,0",841/A,1985,0.0193/841,4-Apr,Y,,2.5,11/18/16,CCR
PI1070145,S,CONDO/A,560,Foothill RD  ,PSMO,PSMO,,"$410,000 ",$462.23 ,"1/1,0,0,0",887/A,1989,0.02/889,78/78,Y,Y,3,11/23/16,CCR
PI1070753,S,/A,441,Ocean View AV   #102,PSMO,PSMO,,"$475,000 ",$423.35 ,"3/2,0,1,0",1122/AP,2007,0.0148/645,74/327,Y,,2.5,11/23/16,CCR
PI1066648,S,CONDO/A,2251,Shell Beach RD   #26,PSMO,PSMO,,"$500,000 ",$489.72 ,"2/0,2,0,0",1021/A,1973,"0.0234/1,019",157/157,Y,,2.5,11/18/16,CCR
PI1071319,S,SFR/D,250,Elaine WY  ,PSMO,PSMO,,"$725,000 ",$341.02 ,"3/2,0,1,0",2126/A,1988,"0.2066/8,999",64/64,Y,,2,11/22/16,CCR
PI1069728,S,SFR/D,940,Wadsworth AV  ,PSMO,PSMO,,"$739,000 ",$367.30 ,"3/2,0,0,0",2012/A,1969,"0.1176/5,123",106/106,Y,,2.5,11/23/16,CCR
PI1067618,S,SFR/D,1505,Costa Del Sol   ,PSMO,PSMO,,"$1,073,376 ",$514.56 ,"3/3,0,0,0",2086/SEE,2016,"0.13/5,647",12-Dec,Y,,15000.000*,11/18/16,CCR
SP1071125,S,CONDO/A,1017,Southwood DR   #G,SLO,SLO,,"$266,700 ",$355.13 ,"1/1,0,0,0",751/A,1987,0.0172/749,22/22,Y,,2.5,11/23/16,CCR
PI1072102,S,CONDO/A,2250,King CT   #26,SLO,SLO,,"$439,000 ",$349.52 ,"2/1,0,1,0",1256/A,1980,0.0189/823,10-Oct,Y,,2.5,11/23/16,CCR
PI1068810,S,CONDO/D,1036,Trevor WY  ,SLO,SLO,,"$550,000 ",$273.36 ,"3/3,0,0,0",2012/A,1989,"0.0462/2,012",75/75,Y,,2.5,11/18/16,CCR
SP1071240,S,SFR/D,3496,Gregory CT  ,SLO,SLO,,"$587,000 ",$487.54 ,"3/2,0,0,0",1204/A,1960,"0.1653/7,200",37/37,Y,,2.5,11/18/16,CCR
SP1070899,S,SFR/D,567,Bluerock   ,SLO,SLO,,"$660,000 ",$427.74 ,"3/2,0,0,0",1543/A,1988,"0.1033/4,500",30/30,Y,,2.5,11/18/16,CCR
SP1072120,S,SFR/D,1130,Woodside DR  ,SLO,SLO,,"$715,000 ",$323.38 ,"3/3,0,0,0",2211/A,1961,"0.2181/9,500",8-Aug,Y,,2.5,11/23/16,CCR
SP1071764,S,SFR/D,4362,Wavertree ST  ,SLO,SLO,,"$750,000 ",$410.51 ,"3/2,0,1,0",1827/A,1989,"0.1607/7,000",4-Apr,Y,,2.5,11/21/16,CCR
SP1070629,S,SFR/D,1334,Garden   ,SLO,SLO,,"$795,000 ",$611.54 ,"3/1,1,0,0",1300/S,1920,"0.0964/4,199",14/175,Y,,2,11/25/16,CCR
SP1071947,S,SFR/D,1612,Huckleberry LN  ,SLO,SLO,,"$901,000 ",$406.22 ,"4/2,0,0,0",2218/A,2003,"0.2425/10,563",4-Apr,Y,,2.5,11/23/16,CCR
PI1055056,S,SFR/D,235,Bridge ST  ,SLO,SLO,,"$920,290 ",$397.71 ,"4/3,0,1,0",2314/B,0,"0.0957/4,169",156/156,Y,,2,11/18/16,CCR
PI1061592,S,SFR/D,247,Bridge ST  ,SLO,SLO,,"$957,743 ",$413.89 ,"4/3,0,1,0",2314/B,0,"0.2576/11,223",41/41,Y,,2,11/21/16,CCR
SP1073137,S,SFR/D,461,Islay   ,SLO,SLO,,"$1,600,000 ",$438.24 ,"6/4,0,0,0",3651/A,1898,"0.3421/14,902",0/30,Y,,2.5,11/23/16,CCR
SP1062052,S,SFR/D,4950,Davenport Creek RD  ,SLO,SLO,,"$2,575,000 ",$643.75 ,"4/1,3,0,0",4000/S,2004,"10.39/452,588",270/270,Y,,2.5,11/18/16,CCR